{"type": "FeatureCollection", "features": [{"type": "Feature", "properties": {"name": "Auvergne-Rh\u00f4ne-Alpes"}, "geometry": {"type": "MultiPolygon", "coordinates": [[[[7.149834002703035, 45.533031512002204], [7.163262745887946, 45.51711494177569], [7.173184437639656, 45.500205207076974], [7.162694427447471, 45.51064430760558], [7.148616334078867, 45.520589109214264], [7.191587279605546, 45.50733463218046], [7.248608434816056, 45.45855187516706], [7.255019211084535, 45.368407400977254], [7.233380591270928, 45.326893574475314], [7.201877767560577, 45.2874651986591], [7.16772444323727, 45.25841740978942], [7.1888501070630655, 45.296935442325214], [7.192156253599284, 45.32760466494195], [7.205370482876966, 45.29926839934851], [7.1952772555073965, 45.20971245999098], [7.147401578204156, 45.16813001039188], [7.1317173718255775, 45.14666526638594], [7.074179667268925, 45.11544161129052], [7.004032691264894, 45.12631138334706], [6.989473159817295, 45.138159594264735], [7.024550773124249, 45.12833126388638], [7.019437881155005, 45.12448674720136], [7.002503728971181, 45.11989116839496], [7.013452796853289, 45.1274169575169], [6.995180082991879, 45.10509465073754], [6.949870492832713, 45.076907996358145], [6.913545490457351, 45.069008294053674], [6.896990867456651, 45.069643147654034], [6.934785688272023, 45.08693687031534], [6.967900424735277, 45.16505568270941], [6.942223684495556, 45.224039186742544], [6.974270687963993, 45.176626471287264], [6.948154034768067, 45.07130134228725], [6.848303109737925, 45.03020299149499], [6.778073884955832, 45.04373352777824], [6.747450404404366, 45.05608510569006], [6.74785579854372, 45.058004615073365], [6.770110702496512, 45.063509030419354], [6.753777102433626, 45.05440385117501], [6.727064203108849, 45.04436417189703], [6.698957308465675, 45.040401146724044], [6.681338361154678, 45.040888828689795], [6.692776787217505, 45.042902784901344], [6.677206501331193, 45.03596467698964], [6.659617155002007, 45.02822439989732], [6.6360076251979265, 45.02375742586434], [6.622184797173723, 45.024054370471], [6.58899465686844, 45.00888561850194], [6.555173088226763, 45.00316525223972], [6.535663857186307, 45.00524090711271], [6.568009977506936, 45.01859523896591], [6.59516186101062, 45.04944985996424], [6.60005159036153, 45.058808320990316], [6.590998644088377, 45.03562609701099], [6.571520536457561, 45.00582760234547], [6.531221458324949, 44.97152248570984], [6.488236933040595, 44.95574136964596], [6.448820985324141, 44.95414349571622], [6.34836100070133, 44.981318152605596], [6.309876140988105, 45.012380508356756], [6.292757361970922, 45.04057261190961], [6.296367295087928, 45.038790279818045], [6.318984857133199, 45.0169864213214], [6.331147795722419, 45.01126604486169], [6.326043954138969, 45.01185677663421], [6.303741017908061, 45.01104070439336], [6.273975565517911, 45.01451489024155], [6.24491039296157, 45.022742305356765], [6.1945014804091345, 45.05525133992825], [6.194704300527507, 45.064464529233376], [6.212646076559263, 45.051815219142384], [6.15529139385847, 45.053343354758624], [6.099917031653508, 45.07506568461908], [6.060568132536309, 45.13167640611413], [6.055860625953426, 45.173805206545445], [6.031577668867487, 45.250053529980725], [6.038297441343383, 45.31268077529445], [6.071294889395261, 45.36677062581857], [6.109583671529303, 45.39624766040113], [6.120496742989385, 45.40087250851609], [6.103070165551063, 45.3801730840006], [6.094788612643833, 45.349752814955856], [6.099007922854482, 45.33097160776278], [6.0986258830765205, 45.3289347669759], [6.078407080872994, 45.34682197800993], [6.096752864399144, 45.33993556559994], [6.012966530471411, 45.34882673816969], [5.94295198540492, 45.392076688229544], [5.949259999207161, 45.38958132808041], [5.954068586629925, 45.38967188352941], [5.967306604086786, 45.39298544539114], [5.99542675580025, 45.416678454789086], [6.010378581538832, 45.44707049100304], [6.008481858000813, 45.414910676855946], [5.975871854557969, 45.318236813383], [5.710921032142664, 45.35016731177412], [5.669360316618026, 45.38128385349796], [5.5391789533488724, 45.55984524790069], [5.531426732815666, 45.72790539156994], [5.64228206563375, 45.74120399047443], [5.610515506780025, 45.741052393941175], [5.601992437608536, 45.738125167589914], [5.632107674038064, 45.765553933781426], [5.661622167700607, 45.7859952994241], [5.70746142089761, 45.80686882567851], [5.72869363973631, 45.809899553342106], [5.725041471777076, 45.80954607418256], [5.721144415498289, 45.80891437820667], [5.71711440596538, 45.80798484363358], [5.7130167256132065, 45.80674550648651], [5.7089619858007365, 45.80521424256103], [5.7050363845143375, 45.80342144282454], [5.7013218274720865, 45.80141759754162], [5.6978644538505705, 45.7992506027801], [5.694711943260197, 45.796985865452186], [5.691919988538069, 45.79471041148554], [5.689463163910172, 45.79245776363956], [5.687349561458471, 45.79029339403111], [5.685574093131834, 45.78827349823825], [5.684102453243082, 45.78642343357718], [5.682916178982842, 45.78478214148935], [5.681979190317052, 45.7833606289328], [5.681253276408005, 45.78215642830298], [5.680710976549651, 45.78117576621021], [5.680343518587829, 45.780454128937386], [5.680114248470328, 45.779965064146], [5.679988935412785, 45.779677139019455], [5.679957762005976, 45.77960217615209], [5.680010113364534, 45.779749260643186], [5.680120209511458, 45.78007527176104], [5.680275837032791, 45.7805741494935], [5.680474040100054, 45.78125501355259], [5.680696583400765, 45.782078098248746], [5.680942203727442, 45.783054663304505], [5.68120019409535, 45.78415476998144], [5.681464316687473, 45.78536456692263], [5.6817357755537605, 45.786698071369024], [5.68201064716775, 45.788141600070915], [5.682279074356012, 45.78964637305265], [5.682544796553983, 45.79124155623464], [5.682808513201316, 45.79292194255968], [5.683065676533525, 45.79466527935222], [5.683319003800489, 45.7964794535527], [5.683565334577662, 45.798338761002256], [5.683805438553164, 45.800240537941626], [5.684042172581574, 45.80219947686329], [5.684278048601674, 45.804219239383364], [5.6845093963413955, 45.80625328057377], [5.68904550341893, 45.82828451918267], [5.701271738018026, 45.85315829744098], [5.7075124719000865, 45.87094178932792], [5.737955556908983, 45.93241826439862], [5.741107494697631, 45.94317901165395], [5.77552973670981, 46.014910235083235], [5.910736347903563, 46.020019240931866], [5.959412326916957, 45.96151200229658], [5.974864803979198, 45.87541277079417], [5.966549715555193, 45.89120620582279], [5.9459332076923905, 45.91026619693498], [5.933755843576377, 45.91602815792288], [5.986078582770586, 45.90894866821894], [6.0427243735816365, 45.872888100498635], [6.0685351674272, 45.829236628036064], [6.07252917585587, 45.80968994632866], [6.061675137573167, 45.82825724802121], [6.0491297055960445, 45.84029920883901], [6.041722762484444, 45.84442215846287], [6.047094908721273, 45.842858943676596], [6.053307958555217, 45.841858817699915], [6.052648344420312, 45.841143856877025], [6.036223828742622, 45.83547052613667], [6.050793516159422, 45.84517845942234], [6.087174594002147, 45.85795231328737], [6.154660912253614, 45.857471901410534], [6.211599603438698, 45.8378632797712], [6.256851092978346, 45.809367802328765], [6.290936595744857, 45.77427547921156], [6.2663985298361435, 45.78284591114155], [6.267614755753608, 45.78308489296589], [6.269507638833276, 45.78349463719796], [6.26920099522923, 45.78308632910702], [6.265744589897762, 45.77864203079249], [6.27114726032036, 45.79346991761868], [6.28644196415526, 45.82845901217615], [6.3563553114780875, 45.8773844135124], [6.347528678086427, 45.86807880973192], [6.365695345489959, 45.90588956989143], [6.39298865512259, 45.93859723672771], [6.471152015608507, 45.997755581397264], [6.5224102527706105, 46.00844191539171], [6.561752553979729, 46.002666461885525], [6.5916308927155365, 45.990250437443216], [6.617484426212673, 45.973035690010775], [6.639584352204878, 45.95044985895712], [6.661102647971396, 45.90030162118528], [6.648404212229296, 45.82347012797325], [6.6305609496152575, 45.799549193177306], [6.641743046596165, 45.848023795223355], [6.625622733231815, 45.89429137995068], [6.631166274554013, 45.89216580525974], [6.625264407390623, 45.89407253660408], [6.673067928109073, 45.89005485385254], [6.739702619909781, 45.86058202944705], [6.79561082955699, 45.77919597645302], [6.769810876453882, 45.78778043053992], [6.689046560819558, 45.825036537926735], [6.829389802998005, 45.85403300004386], [6.882540414538745, 45.78016496564949], [6.883138030721164, 45.767105781003494], [6.876407676235434, 45.77661831568412], [6.873732886784504, 45.777926525937296], [6.889043322156958, 45.77703829695739], [6.924487284940242, 45.76629218002747], [6.957514946818595, 45.74497672555342], [6.951393459969314, 45.74704206417381], [6.982223321929232, 45.741802476371426], [7.036453874087145, 45.708992581992156], [7.069475363108132, 45.62549009949841], [7.055462310359007, 45.5733439972404], [7.045868157441895, 45.55950449016772], [7.052871469232402, 45.590597548596726], [7.04294559323996, 45.63362936960064], [7.047402459822591, 45.63231392169954], [7.06506065967788, 45.59736362297333], [7.070635408273652, 45.55571748955241], [7.049743398662264, 45.5854193632177], [7.070316884908819, 45.58397432738857], [7.13362948215156, 45.54879511704091], [7.149834002703035, 45.533031512002204]]], [[[7.118440320320785, 45.89851552728884], [7.057276913694183, 45.833650862243935], [7.072244820950053, 45.845242471071636], [7.076208590526584, 45.850130881809555], [7.066925936914134, 45.83170337989898], [7.0335926486857465, 45.793278891872966], [6.991464294653615, 45.767280282109056], [6.953321622576021, 45.753459176536055], [6.914931076924366, 45.74585370881774], [6.885271678324151, 45.7456424205698], [6.942864504080213, 45.772805877869175], [6.9716897425616855, 45.82525235871545], [6.969939991487939, 45.81409328608265], [6.9410828193261755, 45.75727364644358], [6.833830922369239, 45.7316910885114], [6.800488749826096, 45.75204998247569], [6.819045478093228, 45.74180797363222], [6.840100711198597, 45.738695998570144], [6.845998500842548, 45.737455696434814], [6.8595513668897095, 45.74553067186856], [6.875166111878179, 45.762552829537995], [6.881131245963117, 45.77755601275479], [6.881846517457338, 45.782894065981544], [6.872906075928518, 45.71947334542828], [6.733535439180442, 45.630047462073264], [6.609265123546118, 45.66851156946009], [6.599945170443009, 45.737784023546986], [6.62034538009022, 45.70010197055294], [6.626336071890926, 45.69559114614746], [6.5801835926093775, 45.69921946339593], [6.536885725445987, 45.71578219474026], [6.480201266768185, 45.756986620049325], [6.441932953403835, 45.83931020477665], [6.465377050384743, 45.91230680682269], [6.469329787770705, 45.91253387202674], [6.463311352028604, 45.87066037881472], [6.479555647795122, 45.830488141042885], [6.491855573787326, 45.81741630998923], [6.496571107284464, 45.81428556255678], [6.50592744602027, 45.810615538114476], [6.52334174722939, 45.80844408460829], [6.553373984391492, 45.81543841860273], [6.5325733448774095, 45.79536276327229], [6.532794654510042, 45.795990430108574], [6.509653321913573, 45.75096519026808], [6.476524688521912, 45.7175115864876], [6.4494520358447405, 45.71258098782385], [6.462768739679641, 45.73618808238132], [6.431915410102238, 45.667343969207515], [6.39128100477077, 45.624667670892975], [6.344832361166724, 45.598221362802036], [6.295133244246391, 45.58498710703411], [6.242473470163857, 45.584282088858444], [6.194643404255143, 45.59898252078845], [6.134774907021654, 45.65094619767123], [6.1237323965613015, 45.658198720228796], [6.119015087746386, 45.66067409858947], [6.122605405997853, 45.661115686712634], [6.142814483840577, 45.667605540577654], [6.127632171257377, 45.65758147386334], [6.094641655579688, 45.64560214312297], [6.045554041444784, 45.642009182300086], [6.003603091278728, 45.647645056323405], [5.964677237515556, 45.659857841537125], [5.936396294403956, 45.67509879116099], [5.906712862426832, 45.701818751978784], [5.88522482414413, 45.739568053671334], [5.880384832572799, 45.76141737196394], [5.8963516264183635, 45.73659789950137], [5.922631417229414, 45.71927933178105], [5.896908156423623, 45.71945184207712], [5.848694792307609, 45.73549580306503], [5.800700284444807, 45.77942979417721], [5.781091196020801, 45.825897229205836], [5.7751436730830426, 45.883761997703424], [5.804571652096437, 45.850522759068134], [5.764210060281352, 45.87394121514882], [5.739735260867999, 45.9593959241579], [5.724542529046274, 46.04210691385577], [5.736122283170371, 46.14073103552085], [5.838438017099411, 46.21074905373465], [5.919708861058135, 46.18287977462999], [5.92484727561348, 46.17633844948875], [5.8751282141418395, 46.19326917299442], [5.83132657062104, 46.182881412481734], [5.817750887334654, 46.1718013481136], [5.836352906627953, 46.19485185515436], [5.877618309719962, 46.221498829811644], [5.9220456152533005, 46.229577751438924], [5.944876294653238, 46.22714798358661], [5.925329040711255, 46.22386705709033], [5.916476607486938, 46.22105034822022], [5.955461174372229, 46.236596904532654], [6.018764106812743, 46.24747896569202], [6.087501227018347, 46.24824086717002], [6.105776663124329, 46.23860998248793], [6.091288498845721, 46.23735702769098], [6.138549872722889, 46.27660720956752], [6.2046333647079175, 46.30728652148983], [6.187555954268897, 46.275160993263995], [6.202811539379847, 46.19500937656713], [6.269750924331537, 46.165241804477596], [6.250308868394709, 46.15993501687459], [6.188184624748874, 46.17928967226766], [6.158336444454233, 46.206934333076305], [6.133271140217387, 46.252339230651536], [6.132273985150802, 46.25782211102481], [6.127971894769525, 46.26249755423014], [6.124215154067834, 46.27121367714629], [6.114125876355999, 46.314588513672085], [6.136707759415452, 46.385201170448255], [6.172577613381843, 46.42227399763522], [6.209363741750078, 46.45521940410979], [6.26444623806659, 46.487340586712264], [6.319761852545219, 46.50058464035958], [6.35488392239894, 46.50190408132768], [6.367288032055705, 46.503447041792434], [6.45440281812908, 46.544428092951506], [6.541316378285454, 46.557209153861145], [6.623619005003767, 46.55540425451239], [6.787741365916873, 46.526065351989786], [6.831936214562482, 46.50813080784149], [6.877773813257535, 46.456249987927755], [6.887458217455914, 46.41638058062305], [6.888188729390258, 46.38081847995494], [6.861958393391223, 46.31827763454175], [6.834605740849834, 46.29558214488543], [6.849514540106231, 46.35855500828271], [6.83794159518904, 46.39557591016], [6.873370494514366, 46.36952471865974], [6.927631841687315, 46.27244848322904], [6.877750181736387, 46.16985308674417], [6.868562218759623, 46.15092896881587], [6.8650878367859995, 46.16232217341734], [6.832683614502384, 46.21602821136497], [6.890270704768044, 46.215773875913555], [6.960439070119659, 46.153314497228486], [6.958717403938638, 46.062197190110226], [6.930411622316377, 46.024889849983246], [6.923122317202675, 46.01881761699287], [6.93143947828829, 46.14098789893605], [6.90177710767104, 46.17237603734549], [6.952576378537085, 46.086332812554666], [6.942457604456535, 46.0201600306586], [6.9415399244464515, 46.020229048999404], [6.950328301468284, 46.036792913182495], [6.949456910553415, 46.03971180928047], [6.9311031265876, 46.109413468051045], [6.888521049046899, 46.140755221474606], [6.849966405096962, 46.142192207150394], [6.824288449067244, 46.13315362784752], [6.840552760214765, 46.1432780675808], [6.893427619251657, 46.155582459810084], [6.961467440164157, 46.13721884605146], [7.035251728770209, 46.080529907731915], [7.062165343416566, 46.05981817975226], [7.08275155076825, 46.02288263296659], [7.093414008315148, 46.0038953829015], [7.1007489872562255, 45.9849355865148], [7.097701012463602, 45.98977143040964], [7.118440320320785, 45.89851552728884]]], [[[6.202629291744329, 46.27754688645233], [6.19242330894235, 46.262414984923424], [6.195545473801641, 46.2695933368797], [6.192529718759559, 46.25842140938331], [6.193060579052884, 46.26491754809782], [6.191197120689993, 46.229426775272046], [6.14640990675374, 46.16402237078112], [6.082261420452458, 46.14269312771149], [6.061590038495808, 46.141158429133135], [6.040643540881058, 46.142843798114306], [6.034307625914065, 46.14437840790864], [6.046516655447726, 46.14353559049708], [6.058363646195087, 46.14439500806399], [6.069684987117777, 46.146733392575946], [6.019198583913917, 46.12952135647701], [6.033198642236666, 46.14544337927788], [6.0532675930558675, 46.217410153042756], [6.038234399404621, 46.25458523859983], [6.079722150014671, 46.195916583011105], [6.06767361516354, 46.114478574538445], [6.054702354701917, 46.09570206559554], [6.027083791529613, 46.0573726437359], [5.983864959288744, 46.03262494290966], [5.944761705346762, 46.027148016413385], [5.924614384746699, 46.02959424856108], [5.949837690280038, 46.03499317018835], [5.974667093372046, 46.05039014484564], [5.968177112665346, 46.0399986518864], [5.94115342937896, 46.01573458751827], [5.868039785858161, 45.993394827005574], [5.802500724386519, 46.01812555051124], [5.794147138941865, 46.027206225370016], [5.853445982900589, 46.01131294626534], [5.914277716829629, 46.04984296447915], [5.923879470953726, 46.058379086144235], [5.9384827391320005, 45.9817440758421], [5.940276668242565, 45.94267247218727], [5.94005450530237, 45.922682988346054], [5.9258924430910165, 45.864009735601385], [5.891603528099914, 45.79277221067208], [5.882726261981974, 45.76904970255902], [5.87922049658107, 45.76636948081734], [5.883256603658605, 45.78390271942622], [5.882961951398326, 45.781312760616636], [5.882643827418427, 45.77859052313671], [5.8822945614468365, 45.77570346205838], [5.881910665422338, 45.772665238997746], [5.881490996199511, 45.7695005464473], [5.881032323466474, 45.76621872064778], [5.880527486798684, 45.76280205744032], [5.879973203446018, 45.75927244376537], [5.8793629256439885, 45.755617626947355], [5.878689352832251, 45.751844399929084], [5.877954224446239, 45.74798992863098], [5.877143683312527, 45.74401743307737], [5.876247805904651, 45.73992323001856], [5.875263796272558, 45.73573533669549], [5.874181416599235, 45.73144590175126], [5.872985959899945, 45.72704098644741], [5.871670162967209, 45.7225378505065], [5.870213790488542, 45.717910728238955], [5.868605886635467, 45.71317873935682], [5.866834237994024, 45.70834782384791], [5.864865064587216, 45.70338286098054], [5.862683751529671, 45.698304935854], [5.860276481412171, 45.69313787106261], [5.857607023450349, 45.68786023378979], [5.8546307235919945, 45.68245557169702], [5.851334809682949, 45.6769713710672], [5.847689821017158, 45.67142585851065], [5.8436515467569174, 45.66582456642282], [5.839179906868166, 45.660190501761754], [5.834250438541528, 45.654572605968895], [5.828826836089829, 45.649008236360444], [5.822898011461931, 45.64356558851446], [5.816468056739803, 45.638318134547816], [5.80950754614943, 45.633311397219906], [5.802066172527913, 45.628644402458384], [5.794187615485662, 45.62439055717546], [5.785916014199263, 45.62061175743897], [5.7773252743867936, 45.61736649351349], [5.76850159403462, 45.61469915636643], [5.75954558450171, 45.61263562179332], [5.750522528222924, 45.611175925817435], [5.741538360263689, 45.6103124466579], [5.75722657910239, 45.613159174321495], [5.764173832299393, 45.6142887005759], [5.756070325961936, 45.60860406621857], [5.719081562391463, 45.57598283241009], [5.671226493219974, 45.55048960605883], [5.59744793436625, 45.54629400952557], [5.53334343110116, 45.581473811133705], [5.491107225634952, 45.63500890955698], [5.48502650533465, 45.64109441969855], [5.413980653442083, 45.687017079915634], [5.36722208230325, 45.73716740830891], [5.3367318928806355, 45.858105246141996], [5.392452171031713, 45.922787773417944], [5.399202803545561, 45.925214312807974], [5.341213377183815, 45.85476701993744], [5.358010814243, 45.77537056762725], [5.366151405481854, 45.767444001251114], [5.339413269957436, 45.784841207386464], [5.356011710260258, 45.78080836541354], [5.3960677741012075, 45.78521113762435], [5.395680220833488, 45.783676143687636], [5.377123135237726, 45.77851223103785], [5.388637531543595, 45.78456791267385], [5.391401142666452, 45.785309447149004], [5.338941294015667, 45.72477386123427], [5.296110525798906, 45.6975663374509], [5.242053783747186, 45.68570067628658], [5.189468507679556, 45.69356986878838], [5.156672305474767, 45.70902082426832], [5.135491389554394, 45.71408721905388], [5.102305704803912, 45.727778295217455], [5.1072831865095925, 45.72722639814587], [5.111530702266996, 45.72660288354854], [5.077803128769907, 45.721217167627366], [5.047068556833966, 45.719823901949425], [4.992396332530479, 45.72660620267414], [4.996642441935632, 45.726826647819415], [4.968976032932528, 45.71807917980843], [4.855778939789683, 45.73219456656074], [4.817693063156224, 45.80626554881006], [4.803744897555042, 45.85564247124769], [4.817963370147814, 45.83299209261244], [4.836913679459802, 45.796844844322955], [4.813345300205098, 45.81427514898837], [4.827911806068504, 45.811312418888306], [4.7712297417731895, 45.819297120715895], [4.7417521231406985, 45.85215304993605], [4.723495360297484, 45.860631504691575], [4.7115702466591065, 45.87839120913357], [4.740490944304498, 45.85493998524729], [4.718347474145545, 45.85927669203182], [4.665783281946855, 45.90076633090508], [4.646829846634955, 45.970899961048445], [4.655885263623964, 46.00802392233487], [4.654814587395781, 46.00647860547713], [4.650364089696545, 46.02863023294977], [4.6518078190901235, 46.08287420003456], [4.66723993894062, 46.11727368019555], [4.676591494200699, 46.14590082807102], [4.687691020226603, 46.1683366234975], [4.703013043742455, 46.19092596155733], [4.698905768056349, 46.180557959919334], [4.698276954590039, 46.1622448579401], [4.699239074399949, 46.15081747824371], [4.695573220322369, 46.16724835182187], [4.694451952095518, 46.19794907409285], [4.702878995778176, 46.23073238971636], [4.70901509007592, 46.24180146400846], [4.722210078441735, 46.28738139214598], [4.73237216411694, 46.307960728992214], [4.78608657709116, 46.38748366280605], [4.779678244679466, 46.37299445596556], [4.775538345121788, 46.35276892190857], [4.775426030146061, 46.34038618357094], [4.774352591309489, 46.34978559968187], [4.775780331666275, 46.37765122575941], [4.785421621643205, 46.40671555935203], [4.797913414677612, 46.42724539909543], [4.80751457195956, 46.43758727369766], [4.81120556499363, 46.44345607545556], [4.808535498403645, 46.437591150540456], [4.807907129318953, 46.43591448593915], [4.815336597064457, 46.47323993256041], [4.820241734676524, 46.48785389011671], [4.826325872302583, 46.50130420133815], [4.836638503670423, 46.518177094403335], [4.838041791255038, 46.521617713120236], [4.84327000327531, 46.530080763098724], [4.839087160551171, 46.5191678042665], [4.841875671251259, 46.53088625030364], [4.8561855319624145, 46.55965257262106], [4.8852590135100975, 46.58761171595785], [4.916335310755559, 46.60249695779329], [4.954117664372871, 46.60934384099629], [4.985904696619711, 46.607976309438605], [5.014078159828645, 46.60232851421619], [5.048647949864785, 46.590548853017275], [5.044962640553908, 46.590842759391144], [5.047190469398386, 46.59122862643667], [5.108624206416287, 46.60765308383614], [5.1597589237054295, 46.61112043120264], [5.190174694390653, 46.606558746911816], [5.219870783381403, 46.5965103612154], [5.254460527006043, 46.57627130068782], [5.266291593491431, 46.56482505197754], [5.268986033375466, 46.56453196655319], [5.387701519233661, 46.51948480016379], [5.405667602909653, 46.45288885018244], [5.373653648287961, 46.49294451035168], [5.375607192006009, 46.49802993882016], [5.403530465458197, 46.48572845434296], [5.441375257978463, 46.45460884248493], [5.461788837079705, 46.41718077845503], [5.465415132016026, 46.404395616501446], [5.4600335209448865, 46.41362290476515], [5.4461053121204355, 46.42987214789325], [5.427783103494604, 46.4402155053987], [5.438653775193613, 46.439634666896204], [5.479729292150561, 46.42332425318565], [5.4921251242209514, 46.410128954205064], [5.467802910098522, 46.42047807662038], [5.51202468235154, 46.41062194957613], [5.564111356915909, 46.35867095829976], [5.57432656794987, 46.30302163799177], [5.5688694302359725, 46.27454623353807], [5.567165235599873, 46.27010177958563], [5.5687490475064205, 46.2832195536472], [5.562511596124216, 46.314543758121054], [5.539401894632672, 46.34672133364973], [5.516125908521428, 46.360374477661715], [5.506620489485073, 46.360633189462305], [5.479468433270302, 46.35557789685968], [5.457030457542217, 46.342745055479014], [5.453745125830861, 46.34081722879346], [5.484228769208692, 46.361491177765096], [5.512509997270451, 46.37094829073756], [5.505191458110541, 46.36764478770852], [5.4935319717097055, 46.359650277255], [5.495188109962521, 46.3625400602917], [5.511777000668945, 46.37630098906608], [5.5368625731111845, 46.389171426354814], [5.560265330243983, 46.39532584972488], [5.575456539788889, 46.39667080508413], [5.56048692192783, 46.393118124416645], [5.527980656971428, 46.37386335196633], [5.508156587095054, 46.348216898373224], [5.513916887856921, 46.36114478906217], [5.533359936550944, 46.385954025350614], [5.554282502857951, 46.40210327021964], [5.565865590910806, 46.40797372170908], [5.55359829442141, 46.39947107999689], [5.5592322926336575, 46.40606639602882], [5.575278968097882, 46.41809098204622], [5.659086246298059, 46.44340774597707], [5.710496390273552, 46.42168223018069], [5.7607083521551905, 46.389866188063394], [5.790458344701694, 46.35798494755352], [5.810253657598289, 46.30883721148248], [5.809521376893634, 46.301428019755875], [5.788419546696918, 46.344925583918794], [5.759312189688289, 46.366257740949216], [5.745340912257122, 46.370131898861445], [5.8363197361028485, 46.367333724397675], [5.845758510601535, 46.368350651909275], [5.8425347737560465, 46.36748992936436], [5.836267491547766, 46.364949614358736], [5.85693259048616, 46.37763311923792], [5.853302367169657, 46.37476182787329], [5.860634864560498, 46.38226108503273], [5.882343756447348, 46.39859289692915], [5.896573905724323, 46.40578399432401], [5.892293514990188, 46.403156682401004], [5.880596964387287, 46.393170018543316], [5.888097610105569, 46.40459879222514], [5.9026727080499874, 46.419725933119736], [5.93387435941995, 46.442073032797374], [5.935411524946308, 46.445168417799714], [5.951421117964747, 46.46134884643099], [6.0469779082787465, 46.51665914121786], [6.158000680655871, 46.483205695992915], [6.192256797872609, 46.45754355024459], [6.227183912511962, 46.40929356986898], [6.233854216024558, 46.33692156782221], [6.202629291744329, 46.27754688645233]]], [[[5.025204401159378, 45.21778530407731], [4.977201552767193, 45.22915677782498], [4.9300780803885536, 45.26958595208777], [4.922391220341871, 45.28449663536521], [4.950559749323922, 45.256225783644226], [4.9862405191366665, 45.24400508350575], [4.995526629023188, 45.2444888096322], [4.901750612221635, 45.203775143667926], [4.741592904678036, 45.22466359666309], [4.717318741070169, 45.26576160306903], [4.731547144852794, 45.23956798573604], [4.709844765293957, 45.25720488755778], [4.6815588644046855, 45.30393964644493], [4.676583704796977, 45.3317356826519], [4.676904325193183, 45.3287534839143], [4.656280300473183, 45.38860987721455], [4.668970836526635, 45.485833959668355], [4.722852467727757, 45.55031804168398], [4.779427051492057, 45.5808050993283], [4.773231526232642, 45.5245605278367], [4.785092369291497, 45.48888650593732], [4.706299151489903, 45.62062825909967], [4.783632104498087, 45.69013909945889], [4.791150583991933, 45.696269804755175], [4.9891994771652985, 45.70914841271188], [4.9645223633976086, 45.693334522823456], [4.965715884613566, 45.70626040381324], [4.991143347598296, 45.73551849516021], [5.058320206694705, 45.77955096655132], [5.112955105276469, 45.79871678775156], [5.089820301004692, 45.77656058493296], [5.062420743832553, 45.682189860932176], [5.092696683560233, 45.64031882323131], [5.0262306129210135, 45.667817834689735], [4.978773008145849, 45.72480479236478], [4.9763993032554295, 45.80962766936965], [5.009567895092283, 45.85959140511753], [5.043299853030433, 45.90683232688084], [5.129526813490408, 45.92598560185412], [5.165266295196087, 45.91760970478254], [5.198306610445606, 45.90396678094612], [5.225465694525233, 45.896817175731684], [5.250281492320444, 45.88410013121162], [5.236280216252815, 45.885617323713426], [5.218523474201093, 45.8819036625491], [5.206760705984333, 45.874868138765734], [5.246102857333548, 45.922744552851], [5.278354468456405, 45.95141408732616], [5.3170268647622745, 45.96926976896215], [5.3184657791665115, 45.968169856312365], [5.327876225898792, 45.97322686237565], [5.382084289739742, 45.97910163458646], [5.4304107300425635, 45.96294079261354], [5.494200594518147, 45.92107799874889], [5.511921185757, 45.90308743237276], [5.536716622816185, 45.812594980062556], [5.475781196454439, 45.74045568719203], [5.476203828968287, 45.741168226582055], [5.529288107119365, 45.804048753858005], [5.533163917696749, 45.84880659169108], [5.5413793465579175, 45.84119092008437], [5.6090254946653495, 45.79801558030145], [5.6407387743650474, 45.76771309044302], [5.68444198958337, 45.70990771362301], [5.708199046651127, 45.66676675209931], [5.812861683381974, 45.520594146502035], [5.801490967857336, 45.52848468822588], [5.845738145442031, 45.470109186617], [5.808602141999186, 45.40797532314405], [5.813033418461167, 45.47954950899696], [5.835149244199751, 45.53630754521091], [5.894295395913214, 45.579182554608856], [5.942381413370074, 45.589330116470585], [5.983488000792839, 45.58663067191959], [6.024864014595079, 45.57453331177046], [6.077105469528588, 45.53826326183031], [6.134253135600857, 45.53638843440006], [6.172416919127006, 45.52335002199007], [6.239122116923479, 45.47127523302411], [6.275918077145518, 45.42426039223723], [6.2947273873561675, 45.35470118504414], [6.275987834448937, 45.2796769159994], [6.2340832570106155, 45.23625749148391], [6.212784328470698, 45.22493033959887], [6.217235110604738, 45.230017374181436], [6.227468558656616, 45.24776322470555], [6.230320331132513, 45.27244447001927], [6.2520933740465745, 45.212440793454554], [6.251339867463692, 45.191727593885865], [6.220208968346492, 45.23484631538092], [6.18443460614153, 45.25120864524138], [6.240721923440736, 45.24983478085761], [6.318561699472493, 45.22149747076662], [6.364341070973937, 45.104760982828346], [6.320551272087611, 45.043218396591286], [6.332077641747567, 45.06188054995032], [6.33201200124756, 45.06212446351188], [6.32985579586736, 45.04789607481262], [6.3214690927096155, 45.0202984984349], [6.320120197567647, 45.03797240833354], [6.294568670940755, 45.080475250420726], [6.262622997455935, 45.09989717672611], [6.25959903861793, 45.10058869528265], [6.255451910904568, 45.100423453292855], [6.306139782845689, 45.107425696594746], [6.349477755561175, 45.09952189134409], [6.395609582178735, 45.070607281151574], [6.422706305172333, 45.02901195941358], [6.430904439268058, 44.99380172622254], [6.4287275259183865, 44.98434433913631], [6.416957167163884, 45.0114606535669], [6.409343822091216, 45.02071619916774], [6.417286445646254, 45.014685784340976], [6.443631280799839, 44.987847272823565], [6.461223971962888, 44.95520871280421], [6.469333747869702, 44.92078753458635], [6.466818621684526, 44.87076646668819], [6.459155171916166, 44.83429269440423], [6.439417334396566, 44.79938830176532], [6.398014231839194, 44.76677133801475], [6.349729332087672, 44.757008379878535], [6.3235707656630575, 44.7593870163039], [6.286025395364125, 44.76854384988236], [6.289427232844717, 44.76824056060233], [6.296042737208275, 44.76833183224407], [6.300595893707858, 44.76903028703708], [6.262999889540462, 44.75753276312099], [6.232097456770503, 44.75498048234443], [6.209946743699933, 44.75715887485476], [6.213934978229835, 44.75730955364636], [6.180249988044069, 44.752387410877475], [6.15188243518939, 44.75415572226658], [6.135984468548469, 44.75822852275434], [6.151501021167687, 44.75844480543175], [6.16434959340004, 44.761395659680836], [6.109558082166621, 44.73520454648637], [6.077519217555868, 44.72829559601802], [6.044824024290835, 44.72853280981899], [6.019954497022323, 44.73443096898795], [6.02992946698777, 44.73368613876588], [6.043325356643516, 44.734811149816615], [6.049192059310601, 44.736414201763886], [6.043016576307578, 44.733519656727914], [6.041726815477017, 44.73533002476715], [6.0664854124602705, 44.781455900080026], [6.064858051485457, 44.82524759487297], [6.071875518394936, 44.80389253829411], [6.063571244238104, 44.735540406227074], [6.029367523974667, 44.69267274779102], [5.995590233659154, 44.67256746835125], [5.935774157475929, 44.65753984522964], [5.903623473519928, 44.653746812093026], [5.871615336951405, 44.65404633965003], [5.875006658256956, 44.65464808142314], [5.891939588040658, 44.661350433653354], [5.908131724870685, 44.67259747320522], [5.858730720560745, 44.623623424366976], [5.770986866364308, 44.60900327283433], [5.628841070009748, 44.627279238458385], [5.587343746747684, 44.645677847513674], [5.561801483714182, 44.67003032844695], [5.53549817107506, 44.68294066829111], [5.516734826207321, 44.699818581273654], [5.606782512049497, 44.71191935487433], [5.612012808448448, 44.69315966405666], [5.4315974204968684, 44.697352496522626], [5.3700433723791345, 44.756736065801306], [5.360309395997829, 44.82762928858821], [5.382358810855155, 44.93272737168429], [5.383481799604153, 44.97759349341782], [5.394900742073348, 45.009374738233944], [5.393702216408752, 44.985086259626485], [5.3939723556206065, 44.97765215311155], [5.3796171220892, 45.004043373007384], [5.372989414077952, 45.0758857165244], [5.3998855736511375, 45.030724569339895], [5.482120640584945, 44.98291290988625], [5.412892552647024, 44.94918472476324], [5.318381128501788, 44.95268553107538], [5.26682808685408, 44.989896121750256], [5.257406177679145, 45.00747208456464], [5.298190621138054, 44.9714455086076], [5.3410671690900475, 44.96285963798905], [5.311931774054753, 44.957111257463964], [5.2779669600249735, 44.96282820419871], [5.258473627290859, 44.96007400115189], [5.185366992139901, 44.98347093362813], [5.180723516318144, 45.00057108649111], [5.210051709922287, 44.988983297453146], [5.138602754734151, 44.98904283981913], [5.0707483565291565, 45.100496427475456], [5.090456792253212, 45.15554466619509], [5.077086850779629, 45.18864893744776], [5.078612878260126, 45.2055891021796], [5.126757284338364, 45.16325640932148], [5.0545029155237415, 45.171847222672696], [5.052200578843642, 45.22165736370595], [5.057962503794081, 45.18805207061492], [5.0030248317451536, 45.21928835140069], [4.983660327528971, 45.24450932914982], [5.019670326656838, 45.22347452916481], [5.025204401159378, 45.21778530407731]]], [[[4.993885480863334, 45.44385891649426], [5.057692250676078, 45.42511221635577], [5.095572779658128, 45.38453736463479], [5.093949919611446, 45.38424204791223], [5.063964447232808, 45.40935722217502], [5.034595598840621, 45.41756469592269], [5.078229673343161, 45.414709470835184], [5.128565672471029, 45.38235867085018], [5.138513168254847, 45.3664036485993], [5.112403496205919, 45.380499929385074], [5.209219421156357, 45.345532636294045], [5.189867084476258, 45.31907677732731], [5.193988715661636, 45.35161759067853], [5.267973121739875, 45.2699528978204], [5.27433314922037, 45.221723062552236], [5.290143207746787, 45.144349333804904], [5.270739643470844, 45.09862957252455], [5.216377245265848, 45.17330116018088], [5.171470290077713, 45.185226702546856], [5.285526483681856, 45.1709129135089], [5.305097007860098, 45.14367306637187], [5.264860372709141, 45.159971998848114], [5.282457039975026, 45.1627777958013], [5.306852225945247, 45.15704674253604], [5.319288830909953, 45.161670362010945], [5.383083378861946, 45.1525344913924], [5.428129822320856, 45.11165191543536], [5.425783913145921, 45.11127587824975], [5.382930871498211, 45.14198246892462], [5.368753447352976, 45.144253275236764], [5.433293359415055, 45.176861090113746], [5.572966426348862, 45.130939430660106], [5.568924585922049, 45.035768283475605], [5.5676568779108, 45.072168626992614], [5.574791644379394, 45.063117846888446], [5.592639783591249, 45.00567374037351], [5.588497257926651, 44.95917126176606], [5.580008200395847, 44.94048050658218], [5.5813071891448445, 44.91224462831571], [5.559412604002171, 44.80871071141179], [5.550336627620865, 44.843305934198696], [5.519940579503131, 44.87678350347737], [5.485555191551553, 44.848106335943335], [5.489905487950503, 44.87421464512567], [5.61585717379268, 44.87352741872635], [5.645961828924939, 44.849667331708886], [5.679292516285819, 44.831881671553056], [5.698442253252316, 44.81198215248633], [5.680498929990253, 44.820492761541615], [5.775571133635691, 44.808950727165666], [5.856641830546212, 44.80155438714346], [5.886462829870523, 44.77562360164513], [5.906285673302076, 44.759856140775405], [5.930372160654277, 44.69743562865555], [5.9204416737729, 44.64172305490281], [5.896530712878921, 44.608054132800035], [5.879856077751736, 44.59242451586885], [5.851433854110661, 44.57247657586462], [5.820686559521376, 44.55879659202271], [5.7852291057221965, 44.55412391975279], [5.774484904714675, 44.54993812907115], [5.752669524543241, 44.54467009570741], [5.725395396790407, 44.5414961739783], [5.691922396160974, 44.54379133170481], [5.680231357670858, 44.54588149068061], [5.681561897818491, 44.54582474421501], [5.687710500345314, 44.54652616201708], [5.716123099095002, 44.56009290813765], [5.748934459542329, 44.60480353241674], [5.752849326314373, 44.61681408141916], [5.744883931625063, 44.58195054000608], [5.724892047584731, 44.54621570173898], [5.692305898991405, 44.51002037929618], [5.7003378357418, 44.52406333868131], [5.707349936831857, 44.546788584984725], [5.707112777701769, 44.569926228518554], [5.69873081428782, 44.59646378936995], [5.687972213757592, 44.61224294172959], [5.677449844665993, 44.62139008899743], [5.6982600520382904, 44.611319885768914], [5.724120281410889, 44.59118098067873], [5.751733700277758, 44.54917201423448], [5.7516203271431054, 44.46400160587102], [5.705968817296892, 44.4122308873223], [5.640410732454482, 44.378890071883546], [5.601167306741239, 44.37079710864782], [5.569351763929034, 44.37307344055592], [5.507560536099472, 44.389206157177235], [5.4885408238690125, 44.390931086724684], [5.490176798624525, 44.391059381002314], [5.513834209402058, 44.3983327320421], [5.551933209501704, 44.43151362820395], [5.5654308564829025, 44.471893160769305], [5.564586827841633, 44.492323443925585], [5.561948373026832, 44.50081777394019], [5.553256568267431, 44.51657310079114], [5.539256096124225, 44.53129289634601], [5.528101959452223, 44.538488300221246], [5.538203788175873, 44.53429500126011], [5.5672867579578025, 44.51367827427154], [5.595139440979196, 44.469931441548354], [5.596409925805884, 44.4029376359197], [5.568635241667853, 44.356540888377324], [5.527473929374107, 44.32995081442109], [5.488457934028785, 44.3227315450699], [5.462922027728269, 44.32395265684357], [5.438287302389062, 44.32934704020222], [5.456539361645718, 44.33031323604773], [5.502057776933286, 44.357440743542334], [5.525908698679443, 44.43211500790277], [5.506205511526767, 44.478164246571396], [5.513838080445135, 44.473972053519695], [5.5346560870578, 44.448554236678234], [5.548576481817103, 44.417177563498], [5.551568395463861, 44.40133060695715], [5.543896720620437, 44.421550478617796], [5.524651518160344, 44.44595084207416], [5.540768616048666, 44.437967542126266], [5.531408979467954, 44.441708183627426], [5.525609490674927, 44.44320599579487], [5.545466863324037, 44.440727207372014], [5.569484966892654, 44.434653880671796], [5.586937666002788, 44.42697499934067], [5.573229352178377, 44.42960820270026], [5.610688810425333, 44.43217868797327], [5.634699667938559, 44.43052076849349], [5.682473625916346, 44.412895952975134], [5.7297277549708125, 44.340195874737596], [5.716964090082307, 44.27114342726482], [5.718829719506923, 44.282980306532494], [5.713839152079337, 44.34550008462369], [5.693597339258053, 44.37382471740829], [5.7003895778775995, 44.36897519820595], [5.710676522990444, 44.358474516380966], [5.697693648310168, 44.36648662170961], [5.711015085787511, 44.36266066286233], [5.743518128782492, 44.34248172324878], [5.777731349984342, 44.29421727841143], [5.785032347025421, 44.23100406361225], [5.774108144629627, 44.155865275607006], [5.755784800461803, 44.126729085161074], [5.7675600602277655, 44.15524892791544], [5.772286200096126, 44.1329627827974], [5.729303280924073, 44.0698926064871], [5.673272490495757, 44.04924588505286], [5.623917481562339, 44.05530237693862], [5.584937754531509, 44.077385363200264], [5.5555116476413104, 44.114366000695455], [5.55300423405213, 44.12246555211805], [5.5741482102429565, 44.09547488175847], [5.597479132509177, 44.082312144031114], [5.607233165768583, 44.08108860500626], [5.629954250547556, 44.08637529605949], [5.642242373209789, 44.09299615654576], [5.631071115911589, 44.08146297996217], [5.587625074005682, 44.049477913993904], [5.522882455284076, 44.02318862539988], [5.448927690615587, 44.027382468807765], [5.417760160119116, 44.03873903889472], [5.383483315120873, 44.060724314426444], [5.366810910844629, 44.066102283016534], [5.334400367702678, 44.08664378613987], [5.307310484606808, 44.11817314679606], [5.294753105748594, 44.14807687825534], [5.293388581798259, 44.15420057800319], [5.297304542101213, 44.14540559445338], [5.312804215078432, 44.12704553897132], [5.337989902275389, 44.11175722490684], [5.3552607214296435, 44.10816564655594], [5.350986611716828, 44.10736805899633], [5.320873300577692, 44.11035431713501], [5.254282820172961, 44.1283486452987], [5.261001838691828, 44.12798982520156], [5.251358786114175, 44.126014074910735], [5.218772839121359, 44.12446924569355], [5.169498632162864, 44.13145905830236], [5.134096465175062, 44.14379059875665], [5.092730982633321, 44.17363631517696], [5.068685982440078, 44.21570133397418], [5.0629040870469595, 44.243418497058144], [5.061819013803515, 44.27438815636474], [5.069140519862067, 44.31118784106237], [5.082854081336716, 44.33613205216159], [5.075006651666011, 44.30667639449719], [5.093346122484026, 44.24455055310474], [5.148828950873401, 44.20985676661181], [5.191864081020376, 44.21266579296425], [5.209320113647872, 44.220610052245746], [5.184364142149426, 44.20360979286682], [5.145013666554623, 44.19093258133394], [5.1065140701418406, 44.18830570473144], [5.055375277432942, 44.19616361220884], [5.060447613593567, 44.19654328870451], [5.009103859574854, 44.18510556774131], [4.999222779794698, 44.18221621071949], [4.979735006288035, 44.17386508594431], [4.950795777985641, 44.16521537269666], [4.93105769884462, 44.16163399943227], [4.905547863453735, 44.16001030732214], [4.911621117761113, 44.16140849426984], [4.915947886123562, 44.16300154958925], [4.899241147024684, 44.153563639863734], [4.873092298607041, 44.14286718018217], [4.830836633913236, 44.13667937464427], [4.787535516091411, 44.14463527267494], [4.748871682602635, 44.16750981493691], [4.724898046236307, 44.195926011214816], [4.701565381962271, 44.24406330690438], [4.705915292599088, 44.23789702596728], [4.711870890743992, 44.23249268558933], [4.710757790918823, 44.23258572081493], [4.714388988318667, 44.23097138415711], [4.723230812337639, 44.22839968380303], [4.7102087746316155, 44.2294664001897], [4.690412973408673, 44.22977408754315], [4.585858627159534, 44.257014222168266], [4.568401812451374, 44.41345432482444], [4.573951285552193, 44.40547210462852], [4.5712275872123165, 44.407451666619096], [4.578976233784501, 44.46492165175451], [4.594077273615593, 44.49309360784476], [4.6133553703619175, 44.51612292861856], [4.607363691179701, 44.50272594116583], [4.627344888762999, 44.60756441808961], [4.66127355388227, 44.667937762102355], [4.69394673656079, 44.70018113869548], [4.69905747171326, 44.70122469946766], [4.696598128195094, 44.68999909770243], [4.700561103359744, 44.67045285502783], [4.681907592789688, 44.7001095796161], [4.66953268032338, 44.74478770069168], [4.673932861998986, 44.80242584035687], [4.692157423887982, 44.84740607826695], [4.717795270259673, 44.87862849081488], [4.744214499252285, 44.901228995234035], [4.766927163451808, 44.915354930254324], [4.764817587456961, 44.912618186653866], [4.7388573835722285, 44.881797540023605], [4.747809502843188, 44.90703894300249], [4.779524494139262, 44.93671116889926], [4.791167568895593, 44.9454551504061], [4.784186889771861, 44.93811507841675], [4.780891435107445, 44.932952301633186], [4.793443045819378, 44.96307088933651], [4.7928268227331055, 44.942385636456486], [4.79924365344228, 44.916816687007646], [4.769608097996956, 44.9544567644094], [4.751430029229147, 45.012030612358785], [4.754694083109491, 45.053934993471195], [4.759463586984612, 45.06742314368615], [4.761811844470774, 45.03972877006845], [4.776624801213789, 45.01042426444179], [4.770748395720936, 45.01473456707768], [4.7420663032574035, 45.074222154571814], [4.753754682376335, 45.059522194696356], [4.738937653001205, 45.05666992282382], [4.722795923850358, 45.14150727738586], [4.727503347663504, 45.151372292970635], [4.716147872373802, 45.177281144069916], [4.71154576167348, 45.226148456804665], [4.713342766590634, 45.27313410933751], [4.738597706770461, 45.21692093994863], [4.738598951521912, 45.209831584770335], [4.739652409199003, 45.36596086706161], [4.853771387778364, 45.39793485633207], [4.939555370976811, 45.4364971903678], [4.993885480863334, 45.44385891649426]], [[4.876908180102647, 44.21442304410798], [4.9940326219232665, 44.21343223254163], [5.036403209561603, 44.2260998017433], [5.075120194999485, 44.25548506631629], [5.093853327416444, 44.28279587396264], [5.085659320283819, 44.2748314576391], [5.102731388672865, 44.28527285230241], [5.137250179446001, 44.33336003731962], [5.140631216208273, 44.40116260526248], [5.120819003719746, 44.443781917108886], [5.098752797774018, 44.468172912384155], [5.040210247951491, 44.510894068781376], [4.998629141330063, 44.52621867984791], [4.9504931569408015, 44.52799166022651], [4.905374978005113, 44.514017110526204], [4.870411688357512, 44.48967558966321], [4.804101349752313, 44.40935042670608], [4.785888354627596, 44.36944092273587], [4.780783766980864, 44.327525877654494], [4.7920783242995, 44.28079116183341], [4.826697892391383, 44.237253344566795], [4.876908180102647, 44.21442304410798]]], [[[4.876722033726872, 46.233193844650316], [4.89023823194365, 46.122318040080664], [4.877342956257545, 46.09290003844267], [4.860628979773398, 46.06787537650249], [4.861488505799302, 46.06965717192898], [4.8503180610593795, 46.03676031980444], [4.846238180909877, 46.036003799965435], [4.848955910303456, 46.05232176705022], [4.852987412604219, 46.03345139452287], [4.854860736376035, 45.98780607766513], [4.846646153365044, 45.96233003895155], [4.831296718053145, 46.013039669094915], [4.796310525854456, 46.04345530796818], [4.828351055695502, 46.03460801475271], [4.868785753340894, 46.002016790866435], [4.865166639702515, 46.00180249530842], [4.883559876859301, 45.993186950063944], [4.86889225822681, 45.99383087928411], [4.863978193931497, 46.00803358111169], [4.920818699794902, 45.982944851011624], [4.937022320540199, 45.96998715567704], [5.000224629852185, 45.91533790738755], [5.003677102444959, 45.86084952875231], [5.011656936843776, 45.85503045118993], [4.978009060210317, 45.89049743343926], [4.924885967067472, 45.91315882019157], [4.954523558064369, 45.92234135218059], [4.9919936674695204, 45.926605797325855], [5.053511443166035, 45.919720098050576], [5.056966871230093, 45.92012883237263], [5.179066678900223, 45.890429518658124], [5.185626104907718, 45.764704594882474], [5.16614869674457, 45.74642033063036], [5.164214991854152, 45.79971320763522], [5.139037387078986, 45.83296816531027], [5.198957316439766, 45.80975517676869], [5.251383256167446, 45.74771213906782], [5.219105698995308, 45.62396541506704], [5.148112894723531, 45.60183121224844], [5.147905793305294, 45.600737033448674], [5.1227966524017035, 45.5849615048398], [5.132492115386434, 45.59587159618676], [5.104989636602391, 45.55096547717654], [5.039486522834702, 45.51557358728812], [4.848311416008067, 45.50461219524482], [4.828759895501912, 45.495296900541106], [4.898490848510097, 45.56528974090033], [4.893437630708504, 45.65699749406267], [4.966822473767358, 45.5747854721633], [4.930040948507942, 45.4492169006717], [4.849901532272243, 45.39585595831602], [4.7609806066026925, 45.34446172020835], [4.674597747699485, 45.39166122573131], [4.699297511965171, 45.38152754257003], [4.671316126769245, 45.378161593754584], [4.614489804722581, 45.39398707862717], [4.562744805007081, 45.4508927454455], [4.553204081053356, 45.520557432345456], [4.565954397291738, 45.55626290117755], [4.583005169013207, 45.507688990294405], [4.61015829360155, 45.485937931720386], [4.607831760563171, 45.484328721704436], [4.544354940896754, 45.47765857131552], [4.468467841624142, 45.48890003099505], [4.382894373663579, 45.528364785774734], [4.304520596777859, 45.59390440936175], [4.26573138794045, 45.7063600019509], [4.295025273022524, 45.773454777942554], [4.303443805171566, 45.76640744069809], [4.3238264171255825, 45.68110063580115], [4.3659974885232105, 45.65467150460716], [4.340820545366936, 45.65659890077904], [4.262748211917963, 45.70236265036892], [4.251402897918398, 45.81510409939848], [4.300027247362288, 45.87344399932944], [4.295348948529588, 45.82549713150418], [4.315607501960321, 45.78354773395391], [4.28546312744662, 45.79575982147468], [4.247232311844819, 45.83714906185845], [4.231329793261887, 45.90620758066826], [4.243150179662041, 45.94209826569532], [4.2436911734087195, 45.89888523867385], [4.2659211738468885, 45.86333619371248], [4.187849964339064, 45.89993811924775], [4.1591561375737385, 46.019338096398855], [4.233064727478412, 46.0862405731199], [4.242422247445446, 46.0805467243383], [4.2080717467937605, 46.00866237707123], [4.236739349721061, 45.945856151032686], [4.222127350989598, 45.94914111769006], [4.157406407254082, 46.019284750642], [4.176360927424026, 46.123928139887354], [4.284177306024802, 46.215388854853266], [4.32960353382939, 46.23798067818202], [4.393602805472003, 46.24312147086358], [4.362332847596698, 46.22232317663392], [4.339242493726993, 46.17103202326731], [4.345897525952633, 46.14179578709587], [4.351256776136991, 46.134492783514034], [4.359737463413569, 46.129332077857974], [4.292179652673363, 46.18503846297355], [4.2976294680830724, 46.27494815045135], [4.3013987203639195, 46.2848789667755], [4.307906809300819, 46.30952328082486], [4.31522101270613, 46.327726830771624], [4.336269666762817, 46.35897803713073], [4.382412046601044, 46.388263390030886], [4.434513510036036, 46.39345680727053], [4.484383504786433, 46.37891994457184], [4.5044660012193125, 46.37488064586504], [4.499977741487689, 46.3746807186229], [4.483128975615916, 46.36812712187908], [4.486529394308417, 46.37186244467692], [4.527584491056133, 46.387112627494915], [4.587462910330466, 46.3830180664675], [4.632838444367335, 46.35365444048971], [4.638518374503286, 46.3474175514061], [4.627476180887133, 46.35455117790437], [4.60540049947322, 46.3614856199499], [4.580917381090653, 46.35995147420918], [4.551596273327163, 46.345218449994555], [4.529355893294798, 46.317650221788604], [4.522146269317747, 46.29753680261209], [4.522927422247424, 46.30423847798851], [4.538348090423172, 46.345926779257574], [4.584146723605321, 46.38678330921518], [4.640194792403334, 46.3991720714772], [4.699934396568112, 46.38584503887857], [4.74992019395341, 46.35210964446462], [4.775246924258598, 46.28442915937546], [4.773581983562188, 46.26295898191778], [4.770239693752111, 46.293725402048366], [4.742554510478349, 46.33718601163537], [4.747487152617546, 46.33894867240054], [4.788063782916448, 46.30175665956406], [4.805931977886336, 46.2396124404156], [4.803024722319338, 46.229610756287926], [4.79649944331372, 46.258747028136085], [4.8033109406066306, 46.24851443976716], [4.796281947582274, 46.25356528262081], [4.7706717903183895, 46.271882559664576], [4.876722033726872, 46.233193844650316]]], [[[4.911296775190506, 45.292156325275556], [4.882801048478088, 45.34841641522967], [4.895196293229539, 45.34132706005138], [4.911661233409367, 45.247253890662485], [4.9114802383265195, 45.23126754319533], [4.912064127626198, 45.21749085593009], [4.9270766523364955, 45.16442970702937], [4.922028076149642, 45.12399872261414], [4.906588346998795, 45.16572607717618], [4.9357173176236655, 45.14252580530365], [4.940067696742596, 45.102425845428186], [4.920965604279063, 45.146775432922325], [4.930205198786211, 45.13853773555821], [4.954994155529226, 45.09150322993155], [4.957606413015387, 45.04023085631385], [4.950377916890509, 45.0126090065288], [4.950521970770853, 45.031067387641215], [4.9452199020030445, 45.05016723559061], [4.9725383465577195, 45.01666131299235], [4.992315177266895, 44.956682363543514], [4.983700954180621, 44.90141111066349], [4.9562165648925545, 44.83671769836682], [4.939431110228139, 44.81202292158326], [4.924934431104407, 44.7967728495939], [4.892149505860737, 44.771436831100736], [4.913318497156812, 44.794759056997506], [4.917700616427772, 44.7922704599764], [4.879698412543038, 44.74890381334614], [4.860318836548192, 44.73849906974567], [4.862245500747715, 44.73977100476597], [4.858648729740327, 44.73664150918511], [4.863018576112017, 44.74345192173305], [4.868543138001015, 44.75630815964313], [4.868547319676621, 44.76461629930832], [4.863994407210312, 44.782840420383906], [4.881772896640255, 44.75508314497216], [4.896193871804905, 44.702708902297566], [4.87984852828674, 44.61569930053234], [4.83925526343921, 44.56275686130453], [4.81871044611773, 44.54459423789764], [4.815331111237001, 44.53929158191039], [4.799364308820298, 44.446728058834175], [4.785858629638083, 44.41491707138144], [4.759916726384407, 44.38130239215524], [4.7652617662155, 44.39213634824549], [4.769406412787683, 44.4343803333809], [4.773010714447807, 44.42484589537148], [4.763618187548626, 44.36997367517556], [4.757340009490746, 44.32060688938763], [4.721697066472983, 44.20476517027031], [4.585276704293266, 44.194309394818234], [4.544897486786029, 44.209157293395116], [4.530774643942605, 44.21628017817439], [4.51156918759346, 44.229226594024254], [4.505349223987516, 44.23595603347537], [4.517702977165969, 44.22692262753683], [4.5041874821120995, 44.234407502166675], [4.480497044229594, 44.25561115255468], [4.478251775831876, 44.25917264172619], [4.50078937913324, 44.24040814243288], [4.502582851689808, 44.23850618475674], [4.496742731392974, 44.23812714724435], [4.488825210361224, 44.23873691531472], [4.515238886183579, 44.251498439058224], [4.543806778409933, 44.289207897870696], [4.548889206200194, 44.297973192448566], [4.541050142339454, 44.2690512571045], [4.521116731438288, 44.23617752396224], [4.4916763745407655, 44.21104986423302], [4.455648812393802, 44.19516005020994], [4.413316491734109, 44.19059019475705], [4.367366448685567, 44.20101925388431], [4.319304130487113, 44.23651997034932], [4.294316583303277, 44.28754180792198], [4.294922203260135, 44.337531410057494], [4.3002113354969165, 44.3532736265919], [4.297094098280261, 44.31959036389525], [4.319224041852833, 44.26803822467688], [4.357248198898499, 44.24324461381265], [4.379770167833958, 44.23989517187985], [4.368646856301618, 44.23722178760532], [4.378969893367248, 44.24144278649699], [4.360347977010373, 44.22834377255296], [4.336078703875916, 44.21764277869662], [4.343156924443699, 44.222402592604475], [4.326636724726199, 44.20749672377347], [4.295437371618896, 44.19032333783604], [4.258880775148077, 44.18209566006649], [4.224888791893992, 44.183690222177646], [4.197239856322471, 44.19042586521267], [4.1296088566154845, 44.219542373129755], [4.114149419911538, 44.22352428824832], [4.076578615972707, 44.24497777170726], [4.067669734671818, 44.254933105982325], [4.0960953906150515, 44.23781944324275], [4.12865748950662, 44.23330730676929], [4.118265002879167, 44.228907010004995], [4.087826728028982, 44.22759918565643], [4.078503710825613, 44.228937782748], [4.089690678438341, 44.229512558957126], [4.061796602678589, 44.2238893828687], [4.002573625794077, 44.237097495074195], [3.9534534346192323, 44.289261009563695], [3.94384420424268, 44.33937601875304], [3.936131616184617, 44.37889868795592], [3.961096158751912, 44.44564865341864], [3.9748188908493653, 44.45962718642947], [3.9544693730470803, 44.42212163731439], [3.9596117744639963, 44.36013756999815], [3.9582645877050755, 44.354960181152485], [3.9510790074438344, 44.368831636582115], [3.915622845938917, 44.39574581291213], [3.8740710956976248, 44.49494713919226], [3.872764934204213, 44.49763264256412], [3.8793947655063765, 44.492943779266305], [3.8569770296914014, 44.50431192929705], [3.8242214666419616, 44.546638214911994], [3.8047778765045335, 44.59256335385628], [3.796093731050864, 44.63468376769533], [3.7961695072119173, 44.638368264518206], [3.7978016160267187, 44.634902918946736], [3.7853743137814684, 44.65524201592001], [3.7752806154231022, 44.681286118797644], [3.7685560543487067, 44.71793427478354], [3.7951078150720976, 44.8146001328786], [3.8391420327109023, 44.84178075240903], [3.826974208261656, 44.83306256177245], [3.8321872636665857, 44.83767595695115], [3.885636063009641, 44.896981890710855], [3.922232180018451, 44.91691929140321], [3.9484554033598216, 44.923355427370865], [3.953826817272241, 44.92374620173097], [3.9728162226807653, 44.92912785328678], [3.983712438222715, 44.93028121775134], [3.975687225014458, 44.92845674575134], [3.9426787391612947, 44.90673305167296], [3.92036497144492, 44.872113389125715], [3.924291606966789, 44.88579678825992], [3.9528474319688893, 44.93184375272014], [4.0011140559327005, 44.96056680151696], [4.038756927822035, 44.96643876136086], [4.065304758640662, 44.963695198338286], [4.099317194934154, 44.97035461928284], [4.127181157124759, 44.971815863113655], [4.1194427605098545, 44.969368582638715], [4.105252298053313, 44.962256211267594], [4.098108236076348, 44.95643770876051], [4.1135113073341945, 44.97484272461582], [4.11671352376161, 44.9795440701222], [4.114202914172761, 44.974466466845996], [4.118472795106381, 44.987307630350465], [4.1416590890991065, 45.02646407333124], [4.196215789895747, 45.05976377799405], [4.23898775027824, 45.06344454662245], [4.247293859821353, 45.06003297291689], [4.250853936615488, 45.06334843056491], [4.230479594260479, 45.049171922676635], [4.201162915657479, 44.99535807075093], [4.206752893894852, 44.94775083565737], [4.211174230267578, 44.93796773329954], [4.206915341589158, 44.94370157000189], [4.189884764586589, 44.98693140496187], [4.194210351498847, 45.03457896047331], [4.208484112451469, 45.06588640890993], [4.243627125256131, 45.10239723840848], [4.279929059421662, 45.120615370084984], [4.308261833388438, 45.12674377083679], [4.328947469967583, 45.12805215333317], [4.319745398824638, 45.12445350258984], [4.283098380943944, 45.09149763375544], [4.27190531252094, 45.01861495927874], [4.292932731370021, 44.97955925550706], [4.267633681137625, 45.00459440083306], [4.248121776733642, 45.07615046391714], [4.270823222717501, 45.13506555534949], [4.305091372562039, 45.169015620605144], [4.318259674424348, 45.17584316708665], [4.292470996640775, 45.14272687906133], [4.289452582274379, 45.07380632179277], [4.293511362374545, 45.058305537031515], [4.270521275505848, 45.10617034083315], [4.2912219924555774, 45.19445405582938], [4.352679036645157, 45.23287576752915], [4.392590619423672, 45.23557573885929], [4.421135497778621, 45.22990607775731], [4.44594149024943, 45.220001851788474], [4.466749665796923, 45.20688221935384], [4.47407846829166, 45.200805180194216], [4.453727400731004, 45.21096067093695], [4.40507066045566, 45.21273094760791], [4.364183262059066, 45.189612347917404], [4.346723154782935, 45.16289855421115], [4.341713561644361, 45.1458430428067], [4.342805519363745, 45.15856850916075], [4.34776996539696, 45.18119104102389], [4.356685459420487, 45.202406918415846], [4.365875644558778, 45.21834250412564], [4.382236925553738, 45.239464648290436], [4.380748023512272, 45.23728649016263], [4.379341508700659, 45.23288657673457], [4.378466142634156, 45.22585899207119], [4.3902183683001565, 45.1777527451088], [4.366520247700137, 45.26404723813492], [4.599832477410286, 45.34260690057452], [4.558649290930419, 45.33409400939144], [4.5051431527091585, 45.278043599059004], [4.500705331739629, 45.251682747721965], [4.494802974811325, 45.2853368730327], [4.505689250967291, 45.33863129942036], [4.543850749566071, 45.388136714890976], [4.586540687396785, 45.415367278919454], [4.695787607049441, 45.45576712302801], [4.820115408721788, 45.452141804161364], [4.870286295203023, 45.38152831734809], [4.870189135595314, 45.37041235355507], [4.857063234706043, 45.39258111244222], [4.866386855147207, 45.38727801426396], [4.90570725892983, 45.332916396930976], [4.911296775190506, 45.292156325275556]]], [[[4.854696589430283, 45.47661691927667], [4.854465699526816, 45.41549012278546], [4.856260744125818, 45.3154174880924], [4.744646392950559, 45.261826876971995], [4.673981312603215, 45.23549472108055], [4.675187250433928, 45.23730328510902], [4.687552749032709, 45.25541070057964], [4.694791025188675, 45.28752312696731], [4.700446668260372, 45.26185125227804], [4.693854847290841, 45.211802400941], [4.636438709069581, 45.14984199060856], [4.585981522589715, 45.14308709942547], [4.435097444259952, 45.14036662534173], [4.381612901731343, 45.17171589045332], [4.383773667219724, 45.17181242821023], [4.363696572277243, 45.17148602873521], [4.315869762776584, 45.18341131693253], [4.27642940084976, 45.214850337553344], [4.257619614041266, 45.24574418085046], [4.255808253238056, 45.25267610731653], [4.2434662702677555, 45.276479333598395], [4.240356060000428, 45.3341675813198], [4.258914273093391, 45.37800867045024], [4.271045715700701, 45.392571880586175], [4.255564935918747, 45.36115476750555], [4.2542355835261745, 45.31745728542239], [4.259559809177593, 45.304144922600344], [4.2560096355448955, 45.30909717511778], [4.269741687593711, 45.29990754046042], [4.314046480373742, 45.29355386815412], [4.350043106359882, 45.30527814609975], [4.33533655356628, 45.29391728044122], [4.305678470410337, 45.27930460401334], [4.270394108596397, 45.27243191671482], [4.238350761935823, 45.274426679269546], [4.19595793105775, 45.28629269161183], [4.188296945602944, 45.28735057700937], [4.173948986425024, 45.287660461899776], [4.185216744356847, 45.28991066300677], [4.234753415430267, 45.32677851734625], [4.251145519594779, 45.36533779711483], [4.242212672726754, 45.33022101179535], [4.2126063033989665, 45.28963462323208], [4.176652667725528, 45.26744418027482], [4.147414325159136, 45.25864042219474], [4.048807615688291, 45.246651415876165], [4.019272839885513, 45.24624980230606], [4.001308940219952, 45.24481797682928], [3.9655875442391686, 45.25122050993052], [3.930042736279985, 45.27084058251578], [3.915556332963492, 45.285160862435816], [3.9163560018201697, 45.284481356010595], [3.9318863222559375, 45.27629493060294], [3.9707145252386216, 45.27034927511859], [3.971272600815814, 45.26760311919505], [3.9582656416559385, 45.26590632360802], [3.973906957518618, 45.27300492939456], [3.9602498204189702, 45.262195381030146], [3.907226879913848, 45.245615585360504], [3.8541518523026053, 45.2565405952353], [3.8186888347695263, 45.28110547567056], [3.7865323578149677, 45.34448280815856], [3.8045397273040433, 45.43739085427684], [3.832071863890832, 45.479360110081736], [3.858444246228714, 45.504416091359715], [3.877732474790052, 45.51867938293736], [3.877595745828228, 45.51772426586623], [3.873158165473904, 45.51160008117455], [3.8711897264482467, 45.503721150238235], [3.869941162190983, 45.47994234088672], [3.8792896141761304, 45.451055328794276], [3.8732400022575937, 45.45597133197559], [3.846559434579099, 45.51173443778098], [3.851464973140194, 45.5047109612315], [3.858178612237703, 45.49860022818848], [3.7382758995988183, 45.573674318797444], [3.7134894167663646, 45.601672175057644], [3.6964008190944746, 45.627038949868236], [3.66897354809189, 45.67732928552416], [3.6814436450862056, 45.66564546390431], [3.7011696401114587, 45.653994393608244], [3.6832575402984666, 45.661011919787924], [3.6524773004925213, 45.68469758248592], [3.6334338364459766, 45.710660447054735], [3.611107977781394, 45.73811190365663], [3.595076098881179, 45.78849593464558], [3.6048533391235154, 45.842162730894955], [3.6187886579059816, 45.86162668529591], [3.6114214947260614, 45.836283868161416], [3.610979928235506, 45.82389877870722], [3.609970529512074, 45.8317874418834], [3.6098298496513257, 45.84908403137756], [3.611309877051721, 45.864922141827094], [3.617079303794606, 45.88795283362044], [3.6286201993451925, 45.91112264330423], [3.6389193058230616, 45.924570919784934], [3.6328581252631142, 45.91050546869287], [3.6305444202315575, 45.886527989345126], [3.638087749956482, 45.856400007056855], [3.649312162678251, 45.839634562926605], [3.6588037611383397, 45.83131753952855], [3.6360571027010677, 45.843226385070494], [3.609982530636376, 45.863692432462955], [3.5826713499102967, 45.90536125439928], [3.576224636994285, 45.965752711645486], [3.6138980234238423, 46.03250589397568], [3.693438710563699, 46.06869252567451], [3.7590457365928147, 46.078088987916445], [3.758191301689111, 46.077609901992425], [3.7451930071025075, 46.06904795268787], [3.725256454952492, 46.04224689123337], [3.717773788269797, 46.00239345228497], [3.7230876565943105, 45.977615632364056], [3.7216252078533185, 45.97932618927791], [3.7140449882567332, 45.99773557526236], [3.7083856780927986, 46.01959618486793], [3.705328373374594, 46.051425568068105], [3.7052070421704464, 46.05389323206608], [3.6936430792372295, 46.08380374641696], [3.6890918399207293, 46.112760027101764], [3.6895805704559947, 46.14140234335041], [3.693221568006872, 46.16003109867392], [3.6935096665465617, 46.14982528162627], [3.6951522319894483, 46.14115831995475], [3.691123529878797, 46.15173340369706], [3.6855196499288994, 46.181371833394515], [3.6880538218370975, 46.18138765850975], [3.701968845854339, 46.15009215445818], [3.7221265306618543, 46.130182628125155], [3.724013871271467, 46.12800679080149], [3.7056843542133358, 46.14111295796422], [3.67484594512972, 46.181934345751536], [3.674650937572223, 46.2682670918335], [3.719556931116399, 46.31876020593275], [3.745170526959102, 46.33054824281064], [3.737849266029155, 46.32600387109345], [3.7314528741018624, 46.320938325916664], [3.735215215123887, 46.3247038238015], [3.7461833813742733, 46.333839878051094], [3.7639115880017515, 46.34529232726162], [3.789413503224024, 46.35664069339177], [3.924033818621544, 46.36887361285261], [3.985409740172054, 46.306028504299825], [3.9948591128862105, 46.278713178683404], [3.998110328208891, 46.26203227743544], [3.9985179841800127, 46.24250807246108], [3.9953476120231857, 46.219970673572824], [3.993979332063014, 46.23714389055952], [3.977447429617203, 46.27349994252225], [3.9499917000605342, 46.297554950994986], [3.9392159053868276, 46.30212936114689], [3.9627648398866113, 46.29739604834689], [3.988941536510964, 46.28775657081818], [4.018563431876713, 46.27018003437698], [4.008363942634432, 46.273919089513015], [3.997117674336442, 46.276206503966264], [3.991392802652882, 46.275707249124515], [4.046714138555568, 46.291279740014154], [4.0783247751294525, 46.29351547551774], [4.110747811869135, 46.28965591707908], [4.147710355066902, 46.28089171192041], [4.140787156862323, 46.28134062417249], [4.13672238015277, 46.28098374011693], [4.162976850624733, 46.28741862675594], [4.195292464133678, 46.28988077329867], [4.2608829775415495, 46.279683235679414], [4.288448554696928, 46.27206739154644], [4.284819308672662, 46.27264400990414], [4.283635570262482, 46.27259561064591], [4.28390879020122, 46.272676916962205], [4.2860200008163645, 46.27310038329456], [4.287526296372444, 46.273222771973415], [4.294709837925013, 46.277151959679884], [4.3593082266293575, 46.32168913391754], [4.443752536586431, 46.31082992214203], [4.486863223863009, 46.28149921648597], [4.5194244740473675, 46.24123621290413], [4.539175506273007, 46.17620797673269], [4.501977152403302, 46.079146823366074], [4.425839194527997, 46.04573652913643], [4.38437046617061, 46.04562532181799], [4.395694693975198, 46.04936514514673], [4.340343072575974, 46.00942986011265], [4.347871592745919, 46.080301249358], [4.322174649010402, 46.12231888230994], [4.363900650278939, 46.10022584896731], [4.40794825320624, 46.01568962292876], [4.357161752554554, 45.916733275661706], [4.299987272521587, 45.897769426880096], [4.346911862426262, 45.95043390360115], [4.329908035660937, 46.04071988075225], [4.389472826153111, 46.02060980628752], [4.43692882659128, 45.950452761326154], [4.435183820337959, 45.886213734304675], [4.430568206738114, 45.88877041933174], [4.420951688155181, 45.93625293814156], [4.39867287255338, 45.96063417852532], [4.429084498039679, 45.94823826604609], [4.492321051470412, 45.860166868495824], [4.4666807526377115, 45.76287000067056], [4.4369071020816016, 45.740349900601515], [4.425693788082037, 45.81833134963109], [4.380053454633064, 45.852713099220956], [4.39732651147679, 45.85220249539284], [4.469819582874418, 45.817797364198846], [4.494862194828434, 45.70845055930191], [4.4519507269774765, 45.64946122205745], [4.46511861205955, 45.6907159980491], [4.46381340322214, 45.71484159063825], [4.488227626336421, 45.69837921422526], [4.525614158375858, 45.68056196900495], [4.5477690591032465, 45.677629428684476], [4.60588823943683, 45.68431927829557], [4.6702717063984505, 45.67669006827961], [4.7415008309867925, 45.6296690097056], [4.765935602708262, 45.55352109882246], [4.752141918946644, 45.49997256765454], [4.745765194992919, 45.53153725455449], [4.712828195277419, 45.56814092137284], [4.686939873230756, 45.57755040624542], [4.737006488034829, 45.57794045742997], [4.790358252300516, 45.55475477426869], [4.854696589430283, 45.47661691927667]]], [[[2.869837009210221, 46.36264494684467], [2.9151240635666076, 46.35772363380809], [2.9752448355230507, 46.32799942952154], [3.013845612817799, 46.2645160236972], [3.014000275859673, 46.217756024987125], [3.012676445603566, 46.22021379589597], [3.0198564328985, 46.21337935390842], [3.0336830754366355, 46.202599506388026], [3.034008671330685, 46.20103051652502], [3.0225988845714236, 46.202446793111605], [3.065991124065114, 46.21141844114431], [3.135180253303427, 46.20139532173715], [3.1852137262063684, 46.15234257322979], [3.1701686443104045, 46.16210232168353], [3.154650003360906, 46.16668757517214], [3.23948718283971, 46.17299713194291], [3.352301761970098, 46.14963409405369], [3.3500432383711027, 46.14255493629489], [3.4838979151967684, 46.160667474485216], [3.5566914017632016, 46.03552888979969], [3.517659636642502, 46.08276864032532], [3.469480808482498, 46.11173374634484], [3.525565193669414, 46.114636524280414], [3.6107653055612987, 46.10125740978516], [3.655575776925481, 46.083554953090406], [3.697894050499083, 46.055177307172514], [3.7724341942210824, 45.99396708634821], [3.7731593630057145, 45.93087128835452], [3.7686026500897034, 45.97904674560071], [3.7533314693636237, 46.00315956753704], [3.7424628972989322, 46.0125716149295], [3.7708682388616603, 45.99697246047145], [3.796003837321749, 45.9755814370734], [3.8180402500435178, 45.94367599294315], [3.830241579768442, 45.897530010654876], [3.8242358747368854, 45.852414531307126], [3.811934694176938, 45.82424308021506], [3.7979758006548074, 45.80473335669577], [3.804858696205394, 45.81911316637956], [3.809046122948279, 45.834915858172906], [3.8096461503486747, 45.840513968622446], [3.8095054704879265, 45.8454185581166], [3.810342071764494, 45.839859221292784], [3.810208505273939, 45.81429013183859], [3.799721342094019, 45.776401314704096], [3.7872886608764844, 45.76020326910505], [3.7946059011188207, 45.80220206535442], [3.782924022218606, 45.84048009634337], [3.7903501635540238, 45.83466555294527], [3.7989926995074783, 45.820834417514085], [3.775990459701533, 45.83821408021207], [3.7701623598885416, 45.841717606391754], [3.803862354913794, 45.823802536095684], [3.8352304519081097, 45.78849871447584], [3.8671291809055255, 45.73121105013176], [3.8735945832336354, 45.72153182494236], [3.869594100401182, 45.724523681202555], [3.983085387762297, 45.654799771811525], [4.002807026859806, 45.635461038768504], [4.017644565420901, 45.61531956221902], [4.041279997742407, 45.56442666802441], [4.055666385823869, 45.54534867120572], [4.068442837809017, 45.504377659113274], [4.0665782735517535, 45.461020849761766], [4.049403834526096, 45.41706191882545], [4.029498254171772, 45.38762573413377], [4.004751525209947, 45.36419261706265], [3.985895753771286, 45.35028590864029], [3.9837481361091682, 45.34899788991826], [3.9864502726959565, 45.354273145723155], [3.932728375896536, 45.270520630082956], [3.8144812099485073, 45.28638580407405], [3.8638700934680257, 45.30962093127957], [3.847525575542008, 45.28278210627031], [3.7738940870154822, 45.25066008009303], [3.713611522805372, 45.253575643240005], [3.6677607426456063, 45.27118612821782], [3.6917891284424393, 45.27044792791662], [3.7049751467730165, 45.27328020085774], [3.6677942312040193, 45.25436975060181], [3.610886641532463, 45.24841379811353], [3.5548967782862793, 45.268974475808655], [3.5247883741208828, 45.29397740730529], [3.509126583442247, 45.31364913602581], [3.5198767410605294, 45.30606651147124], [3.486975071705763, 45.318087425958595], [3.4893442923668205, 45.31721116614616], [3.3939828375668233, 45.30095762609426], [3.349960194391115, 45.30894873375605], [3.322310401834275, 45.324170893372305], [3.357111727759493, 45.32665225683493], [3.3489630109237116, 45.31637801288331], [3.3114594694666164, 45.30247660263458], [3.277847630977513, 45.29806789910906], [3.2868665802891535, 45.30198691030846], [3.242599885201163, 45.26901388297337], [3.1775530875436244, 45.25389704143262], [3.135334920396783, 45.2596589020043], [3.079970949668307, 45.21145972396779], [2.98947989045125, 45.188794429932415], [2.8890883519870076, 45.22876792830119], [2.8521961167514864, 45.26879630518888], [2.839115115008371, 45.29596849505099], [2.8507862699967577, 45.28583860554326], [2.8228125792340304, 45.29702166283017], [2.7517100665691663, 45.2859462169712], [2.6569564872928955, 45.299511760218934], [2.606809160563477, 45.35546077498049], [2.6142392955098464, 45.34935241637305], [2.560364148601408, 45.359143484831215], [2.5172881110742056, 45.38207813660608], [2.4982633053841274, 45.38133909844856], [2.4390698455606263, 45.4097512237115], [2.409933844898166, 45.44638061331379], [2.3978705706922017, 45.48531071583091], [2.3960134766247867, 45.51540774703271], [2.397020437408667, 45.52949142943867], [2.4009468081163914, 45.512332285440756], [2.414104879977492, 45.48972608948958], [2.4011699583564945, 45.49865100600876], [2.3764232622102783, 45.533906759475805], [2.365184818391403, 45.588744984034655], [2.389359566188333, 45.66769650100287], [2.4217635153826955, 45.70401894784237], [2.4542032998929115, 45.72103508757584], [2.4668420885685176, 45.72357988783164], [2.4499110505619317, 45.713028054906104], [2.4385426999620594, 45.701023291609594], [2.429388513080206, 45.685612350557506], [2.425120686806057, 45.673766816248154], [2.424828339400855, 45.67274650951146], [2.425551311772327, 45.681216005169695], [2.425643229750062, 45.68535755536009], [2.4299036983703295, 45.66584827287536], [2.438201224812718, 45.65007837810948], [2.423738676837318, 45.66114031843712], [2.4250546089257647, 45.660531122730326], [2.4164574167470376, 45.6657955711917], [2.409630316911039, 45.671797042340344], [2.430552112456566, 45.659721855729394], [2.4450717934611865, 45.655079276335684], [2.4344173762559866, 45.65619146871688], [2.3973270942930722, 45.66844099726971], [2.360576693360142, 45.6989651843856], [2.342945417171808, 45.729406042390465], [2.338935368451828, 45.74244791894247], [2.344326977953392, 45.73234259616631], [2.3491291753835117, 45.726058017799986], [2.3176050767182863, 45.759055681902844], [2.2982606386898574, 45.81949596439548], [2.317908279057413, 45.8854722715678], [2.359918556799449, 45.92372590934738], [2.3861459795922975, 45.93567996390159], [2.3818170421618223, 45.93281514269685], [2.3976398510752994, 45.946470679056674], [2.4304346971675677, 45.96286308377149], [2.4680237384668238, 45.97075091463739], [2.494412966269344, 45.968418185638], [2.4811426143178426, 45.96749908177881], [2.4587632684272154, 45.96022231353453], [2.440568611880787, 45.9487345628242], [2.451927927267463, 45.960488261735115], [2.4678805513439266, 45.97371771355485], [2.4768426339604828, 45.979199199760835], [2.4699369472467656, 45.97289900898047], [2.4623377036748804, 45.96311115484684], [2.4674617882568284, 45.97532665889619], [2.4788263915007076, 45.9939450783795], [2.493163405189766, 46.012921264079395], [2.5114176119244607, 46.03020236467588], [2.5193843745789506, 46.03488169691051], [2.4983601526281007, 45.99580541242205], [2.4933021005576665, 45.98301480799929], [2.494035253177587, 45.995741290131456], [2.494861596232486, 46.01455320751159], [2.499101670456879, 46.02626724829148], [2.4987593118706557, 46.0010987303463], [2.50354956602363, 45.98560890554937], [2.5041666246165306, 45.98301415909889], [2.487602759324993, 46.0041009174559], [2.4716651938140224, 46.031282393745435], [2.462470918411726, 46.065768301176725], [2.460259188583419, 46.09283630562754], [2.513959202385491, 46.22088250835432], [2.6168642349967186, 46.224584347765735], [2.6245740267543582, 46.22197874171105], [2.62249311447197, 46.22164600488073], [2.6233666855488873, 46.22265531845369], [2.6394905901060555, 46.236309988463034], [2.6290355274483037, 46.218875082101086], [2.6237990828460256, 46.200307362098556], [2.623514610535387, 46.21059299681994], [2.6345561510234927, 46.257689182323254], [2.699744528479591, 46.31784692450935], [2.77302833111545, 46.31718476513225], [2.808271507181471, 46.29701515231181], [2.7453435596588323, 46.27242960670388], [2.718868747550755, 46.21994717488008], [2.716921009477031, 46.233342355605174], [2.7341609736716497, 46.29446425947275], [2.785307338616143, 46.34035851311739], [2.8273932748727724, 46.356848568573945], [2.869837009210221, 46.36264494684467]]], [[[2.9999173286693153, 46.00395748347498], [2.9347189245633647, 46.02880049361197], [2.8802555671015, 46.07016064609158], [2.8348775543964337, 46.12863020410403], [2.8150957241403267, 46.196851975012876], [2.8195563871822014, 46.217063976302796], [2.843919164476949, 46.17715657047846], [2.865411936433392, 46.164000366191914], [2.8737409907897793, 46.162683053155334], [2.877074725127228, 46.16311743142605], [2.882508661383857, 46.165567486882615], [2.9041250263283502, 46.18904974052725], [2.916794990522969, 46.22624364439483], [2.9185372524492452, 46.20843682511991], [2.885954440341168, 46.130202393296116], [2.788968492818529, 46.097948847688194], [2.71557966888455, 46.12561323486775], [2.7653954715204088, 46.12892907549065], [2.8153798489765074, 46.17223281767675], [2.823037389464613, 46.196785003180054], [2.8230169171539745, 46.18263663790144], [2.8135184725516966, 46.14163491789892], [2.787769409893945, 46.10209601153697], [2.7326133144511124, 46.05512868154631], [2.6792148855280296, 46.029857995119265], [2.617631973245642, 46.022099258288954], [2.5664997650032815, 46.03102965223426], [2.5020138884704517, 46.05972371174097], [2.475857272199572, 46.095603772755695], [2.4579078527348175, 46.115277369297736], [2.444221481359537, 46.13636541833347], [2.4335504353138453, 46.15872679712881], [2.429704356815192, 46.174976174519294], [2.4348523855172455, 46.165472595855526], [2.4054217242505223, 46.198707611506364], [2.4191995804601474, 46.19015816565247], [2.451254989827611, 46.183389636078246], [2.4850314789302255, 46.19112097536403], [2.451748363888823, 46.17586972867053], [2.372573229291766, 46.189711895680404], [2.335174258147994, 46.227261280793755], [2.324261606146134, 46.24729155939374], [2.3265537592214427, 46.246036340888566], [2.3440315551460635, 46.22641347071651], [2.3650327854029665, 46.21533632376189], [2.3506036543648023, 46.215470547310034], [2.316646147320773, 46.22375650207298], [2.2873981334614064, 46.23744327867181], [2.2530187966069266, 46.26727995231726], [2.2285382486750507, 46.315701003177466], [2.228102445070382, 46.32168337343162], [2.24271366194543, 46.298611041093054], [2.224809480588389, 46.308417446908756], [2.154014288763286, 46.414938514994816], [2.1983472584048083, 46.50901586552066], [2.2063924533388355, 46.52216962851698], [2.2293421076006967, 46.54662039797531], [2.268174984345203, 46.56730875925651], [2.281277397436094, 46.56979135865931], [2.2654428438475485, 46.56322318782819], [2.256910316100008, 46.55736380711631], [2.284805525538394, 46.583927289340814], [2.37419547534318, 46.61847345503336], [2.4087259238740937, 46.6246482289517], [2.440188746911294, 46.62577760109595], [2.451932954203882, 46.62427784241626], [2.444809341029054, 46.62407831151765], [2.4709514040024554, 46.6292693615247], [2.5171347639696657, 46.63141814830799], [2.5755604296278305, 46.641994059422295], [2.536422832160518, 46.610715965155336], [2.5192226381680305, 46.567945831630155], [2.5191242055633025, 46.54951903719332], [2.5219660716157803, 46.53623688280489], [2.527565672074211, 46.522810125601005], [2.532729576250167, 46.514633097717216], [2.5364685949178063, 46.51045094080779], [2.521124445490791, 46.52342490851441], [2.498330826892172, 46.552400991904214], [2.48346484988906, 46.60298710482166], [2.4933545082593485, 46.6553845882208], [2.5033046401572054, 46.670882596935186], [2.493438647965906, 46.62669596485198], [2.5088450317089377, 46.577563204529085], [2.501787514495196, 46.58191458196011], [2.4782893809606366, 46.630318732385504], [2.487530567980974, 46.70087576132224], [2.5318192454377932, 46.74679813153869], [2.5757444004984333, 46.760712712691415], [2.6064705257560976, 46.76013988046437], [2.574632310532359, 46.7506503313382], [2.5279279382101913, 46.69024088991001], [2.5214923669024114, 46.67319137252494], [2.5403094189750455, 46.743792443810236], [2.6024201862851943, 46.78596240323623], [2.6288592725482385, 46.787089030947065], [2.6216673333469953, 46.785930246991654], [2.640632067820108, 46.79763483974283], [2.6592723285944384, 46.81336443615395], [2.711272156425176, 46.83370338117787], [2.7838792340962484, 46.81647351865976], [2.8065062896544664, 46.79651083779082], [2.7886638953726064, 46.80973495309321], [2.7789638863180923, 46.813148186245655], [2.739292936059569, 46.80559554540293], [2.7465571392230017, 46.81438592597103], [2.795143719349259, 46.83019390948692], [2.8360361785940893, 46.82753943827718], [2.8438194086277337, 46.82538352768547], [2.811321057227959, 46.82226911382589], [2.7816094137667693, 46.80742426506351], [2.77513504154459, 46.80086746952881], [2.7910802387399336, 46.82127577693689], [2.8188991266251904, 46.84174390202942], [2.899652724248801, 46.87807376733505], [2.9704829171364677, 46.89307645345275], [3.0064052513328603, 46.890075845472786], [3.1017550049648275, 46.86035707134694], [3.1290526743573315, 46.78589464479613], [3.1276046994248845, 46.79783929031275], [3.1246158330112572, 46.807631860736535], [3.1182748588725397, 46.82053896586646], [3.110395397135264, 46.8308633338297], [3.1093336989826383, 46.83192322264199], [3.111986049196558, 46.830404309964635], [3.130406175592968, 46.82430153311619], [3.1360131972715246, 46.82096344302165], [3.1202326547416646, 46.82559652828194], [3.101825680312081, 46.8265765874833], [3.108775044078215, 46.82833415450381], [3.1414249904144023, 46.82777271635884], [3.1809512520181698, 46.818831884619236], [3.21457514171964, 46.801866244852526], [3.246371821176841, 46.77565588237239], [3.2378623416238375, 46.780349911372255], [3.2199624978513257, 46.78602362731968], [3.1998038205873582, 46.78586078593257], [3.233885065773894, 46.79855231508706], [3.2638471175662547, 46.80238132649933], [3.2920041740827704, 46.802214035849026], [3.333617114019335, 46.79685031378846], [3.36186999631696, 46.788595954358996], [3.374831901044696, 46.78251777279371], [3.357032978670676, 46.78463910096494], [3.3342852093959627, 46.78026145633583], [3.3155771823188993, 46.76990378893684], [3.3257694283575425, 46.781539743497845], [3.3612873006300727, 46.80294431260032], [3.4099840935795513, 46.811328909336694], [3.4811427335438787, 46.79370721963427], [3.51980878868983, 46.759350427072704], [3.526919571334821, 46.745845985415], [3.5270195828016195, 46.74712438969383], [3.547152883771009, 46.71791590763558], [3.558337084110403, 46.671180232637816], [3.5565195481840206, 46.65003954418262], [3.5522533441940665, 46.686164847203216], [3.510541946068665, 46.73816360075628], [3.4747396825606858, 46.74987320818992], [3.4665640548849668, 46.74940183973649], [3.461113686444209, 46.74815140389392], [3.502733207378914, 46.76664933256092], [3.5136063088919602, 46.769532279653944], [3.4853350956535456, 46.7480612688313], [3.4665896857050207, 46.71537742852196], [3.4681407269454794, 46.72562254643146], [3.4988830086470353, 46.77892369757568], [3.53805968913522, 46.80167535434605], [3.5177649553949, 46.786167372039685], [3.4967319308515403, 46.74930153889698], [3.494128585798262, 46.74204024569211], [3.49952036930871, 46.76871881420206], [3.547623981746291, 46.829985467525866], [3.6743654544923383, 46.82615958220852], [3.734955076741238, 46.75977330609286], [3.746149986517478, 46.7365861702718], [3.7494439555013592, 46.72558648028455], [3.735254871123545, 46.749286928573525], [3.7363428776343848, 46.75216830224274], [3.7426670412514857, 46.74605681890924], [3.7413964934329504, 46.74628165317593], [3.726399733161844, 46.754414668804806], [3.735965418538046, 46.75093445020436], [3.7674581766768434, 46.72972427047584], [3.7897003434757663, 46.70094144978065], [3.791050534318185, 46.695221776842], [3.7780558239389745, 46.70704051662499], [3.7855778564524876, 46.70560371219367], [3.8172312878315826, 46.678990895583055], [3.837518689641112, 46.64268987292131], [3.8454190880107486, 46.599309162846964], [3.8432905432771216, 46.551017641176294], [3.835063441370526, 46.523488639221924], [3.8340161204383465, 46.524216573922835], [3.8371840247918705, 46.57151953099406], [3.809326300008487, 46.622291044202704], [3.781800987732765, 46.640045156329684], [3.7989495734253205, 46.63580505909287], [3.8169105739965947, 46.627404210449846], [3.8223571154308766, 46.62347674439794], [3.8075906805205593, 46.62929612017863], [3.814143037001532, 46.62853149861234], [3.8382630669930635, 46.620271691591675], [3.858381602514592, 46.608091197007624], [3.8591695420983645, 46.607165933332425], [3.8440270088429114, 46.6153842980691], [3.8195743657204764, 46.62140248383896], [3.8224325795173155, 46.62299916846133], [3.842168963366258, 46.62214997409052], [3.874579405202803, 46.61363356913946], [3.9011577897679564, 46.59733085938671], [3.904140742829309, 46.59315164158194], [3.917200403058408, 46.587804492410534], [3.9355521249065184, 46.57355943503915], [3.935010216508975, 46.573258975247406], [3.920105180717492, 46.583323669159824], [3.907162618351024, 46.58857719341959], [3.92156175178223, 46.586074003465264], [3.9553945680826925, 46.58233724902953], [3.9828100441372514, 46.57456111277117], [3.9979778012891063, 46.56724382131129], [4.010226309302763, 46.5629360123827], [4.032669475201939, 46.55062122379813], [4.058843226871525, 46.52402176221643], [4.073945870619676, 46.493464061421484], [4.079435205653087, 46.467367984728995], [4.079125646920218, 46.46567903926659], [4.073772174286831, 46.48326812258777], [4.067552602765131, 46.49505368868033], [4.071260762387903, 46.4897906617864], [4.085288583522451, 46.45943633352682], [4.089381890796411, 46.422505156715275], [4.085660100991992, 46.39796900871719], [4.077502866460284, 46.37696731539611], [4.078626132734288, 46.39617640487108], [4.072153919888443, 46.42173320867303], [4.060122421821416, 46.4425626548525], [4.062963724516455, 46.439390931898096], [4.075979359596716, 46.41902128750427], [4.087034862098347, 46.38197773156047], [4.085891108040921, 46.350431136067066], [4.085362771872924, 46.35000138887791], [4.084855673398647, 46.37089765758688], [4.079569815369914, 46.39052696243693], [4.073003328300197, 46.403169676616876], [4.067491677045493, 46.4107197389798], [4.062970803964765, 46.41534770770038], [4.065351145096737, 46.41350888629957], [4.0799017938255915, 46.397721161041126], [4.09720611346285, 46.36358491583862], [4.101207242704202, 46.32539645265181], [4.096931495384792, 46.301562409704225], [4.076433849177321, 46.26217610978599], [4.043566673577096, 46.23612807474849], [4.026572338650778, 46.22456208161509], [3.915535738603826, 46.18051779935416], [3.8528664967759765, 46.16697330660823], [3.8603944119982483, 46.17010367273838], [3.865422618625727, 46.17327212194891], [3.871116784876113, 46.1779701761985], [3.868991125898138, 46.17573767408333], [3.854508733970845, 46.163552128906545], [3.833563473040898, 46.15114175718936], [3.8249450688836006, 46.14877979406725], [3.8583810624277772, 46.1892529081665], [3.85880005487028, 46.26042565424846], [3.8363556457866643, 46.29252304203579], [3.8251461287285324, 46.30055320919851], [3.8379754693381454, 46.29321337187484], [3.8640211541456613, 46.26730584554183], [3.882946178162902, 46.22629834149025], [3.8848223500711008, 46.198058166605485], [3.882952470121203, 46.20831659630294], [3.885427768010552, 46.20276368004526], [3.8920363334534382, 46.17405671837373], [3.892324431993128, 46.141108901326085], [3.8885394295440054, 46.12102165664959], [3.8886761600792705, 46.12564797289824], [3.886936920762771, 46.13516025358304], [3.897390957829554, 46.109258767933916], [3.9034656266254055, 46.07865843193189], [3.9053743219072015, 46.05417181513207], [3.9034490117432665, 46.061970424737645], [3.901758792146681, 46.06622781072208], [3.90772234340569, 46.05449236763594], [3.9173862117302027, 46.01483854771504], [3.907443545047508, 45.959737108766625], [3.872564992897493, 45.91485204731214], [3.835748698310889, 45.89326009800758], [3.802022263407185, 45.88276101208355], [3.743089289436301, 45.874953474325494], [3.682220975837912, 45.85707191660269], [3.611543949500917, 45.87477869282749], [3.5631142230745185, 45.9062110469096], [3.558134694438701, 45.908306590214835], [3.5144888063305855, 45.91494347571958], [3.5056651915175014, 45.915034253655165], [3.3964023633574985, 45.923719359674685], [3.3591285982367984, 46.004401110200305], [3.3923260848032313, 45.98286252551478], [3.3141447616288975, 45.94580306370511], [3.2736982380299025, 45.965727905946316], [3.22729881716029, 45.97336886805709], [3.1378499966390945, 45.967394424827866], [3.0853733556895957, 45.98096767831647], [3.046070273793631, 46.008679426770215], [3.0467957466965725, 46.021984678262854], [3.0855748759348858, 46.01237955885569], [3.047581115428576, 46.0040132068884], [2.9999173286693153, 46.00395748347498]]], [[[3.0440089645317103, 45.21166765089801], [3.0135635189008516, 45.31274077326014], [3.0139239352370417, 45.31040824294411], [3.021289047015171, 45.41135036297498], [3.1597709124563753, 45.45310495856738], [3.158400114798837, 45.45042611702664], [3.183963419710847, 45.47348308969154], [3.223962369022487, 45.49067210089095], [3.2634765305333837, 45.49663539736542], [3.2561189890762887, 45.49352198711669], [3.2945082722405075, 45.51660174316507], [3.3647735981657245, 45.5196111066277], [3.413719805608885, 45.498513266243954], [3.396285162433177, 45.50094437390574], [3.47283770763318, 45.51652883385385], [3.523106928294237, 45.51479657404141], [3.6154932589394706, 45.48172948852876], [3.648085416557753, 45.45749086397419], [3.6686336258791172, 45.43293259269471], [3.659795221713721, 45.43925752419134], [3.635973358467537, 45.446834201886475], [3.6053457687959805, 45.44437024939819], [3.6237548532269837, 45.45604579914226], [3.6652408715575606, 45.46867807208338], [3.7108472573543936, 45.46648987178217], [3.756402477194628, 45.44894435676], [3.7457779129845177, 45.448673919906966], [3.713938424457992, 45.431625893729695], [3.7178539065319747, 45.446293068720436], [3.795014790051493, 45.48543619592595], [3.947966943730691, 45.43678092442027], [3.961667165230474, 45.42095252432944], [3.937190147697395, 45.43848740476469], [3.897739120086152, 45.4453904146395], [3.85833817958103, 45.43428261896985], [3.868235042481382, 45.442809070605435], [3.9000483583440615, 45.45724567639198], [3.921143399184186, 45.46121888080494], [3.952815474761379, 45.46954672488141], [4.009309677744062, 45.46070106939707], [4.04373599817983, 45.438670643989404], [4.058773667036508, 45.424763137564184], [4.054835263720015, 45.42713141748421], [4.031682455760832, 45.43998349006948], [4.005101059780048, 45.44478202317072], [4.004189160114487, 45.44568019769394], [4.0353863843117095, 45.44620058412384], [4.107857674840863, 45.45468957780526], [4.098791332274472, 45.45166581972518], [4.079887696601033, 45.439253376767915], [4.058939327273246, 45.41028898820465], [4.052510480405221, 45.38866420288517], [4.069518584569733, 45.43946148265375], [4.134875255643154, 45.483471336993226], [4.167853013574976, 45.48756753810022], [4.205053054397056, 45.486647422990636], [4.238040068942251, 45.48181530838817], [4.273255238064177, 45.471357320730455], [4.258877891403603, 45.472100083285184], [4.240643529589663, 45.46843539598665], [4.227421446433721, 45.46230471955877], [4.240092893640117, 45.47234385390024], [4.290987519626258, 45.49222013184588], [4.3570003124062895, 45.47986845953958], [4.395210364455105, 45.452704824882225], [4.430200190822407, 45.40846107739965], [4.447302416473825, 45.369660714577606], [4.447863064081254, 45.30618723249445], [4.423372284299299, 45.26297011941382], [4.424649726906609, 45.26606332954975], [4.436571939999572, 45.29544641868021], [4.434121729732245, 45.3368986664016], [4.437379746761943, 45.33653189268347], [4.440842385958733, 45.32592781914955], [4.43068859915024, 45.342145662446654], [4.402410237223416, 45.36371868306747], [4.385609427722757, 45.370281971264795], [4.427626332780277, 45.36694557178977], [4.477557098268657, 45.347200109546684], [4.519688781000002, 45.31863355208207], [4.565455631699844, 45.2741472548912], [4.577865857365844, 45.21037500792881], [4.572640491299341, 45.18154942326542], [4.566883976487729, 45.16411950983736], [4.554233074446262, 45.13739935170956], [4.532976355441222, 45.108445495874356], [4.535046540579512, 45.11192308158415], [4.538382034603039, 45.12063495897612], [4.5408404806362554, 45.13060149083925], [4.539780438355639, 45.1181029571933], [4.532264845217065, 45.088237445788856], [4.507378737940935, 45.04998765208259], [4.45502133954434, 45.0190690523921], [4.386194599268996, 45.022707329063046], [4.353449531708339, 45.04127881980579], [4.347770334203077, 45.04612178064617], [4.354604509750571, 45.04207614821153], [4.363502502221379, 45.03838992224269], [4.375303380576328, 45.03632426114071], [4.399394963354843, 45.03840823247084], [4.448768007544423, 45.07124994417062], [4.466700724494151, 45.14507565916684], [4.452058637625456, 45.18021846296848], [4.478135417725621, 45.14012967820723], [4.474501003359226, 45.059871120938666], [4.4350463255756525, 45.01348283291335], [4.422198627437961, 45.00688637939485], [4.432604777282499, 45.017478444650514], [4.447526223266358, 45.06072753608286], [4.432674318862374, 45.11756159916695], [4.4346652686299795, 45.12066874449294], [4.465316687479059, 45.06952704072126], [4.452233619056056, 44.98475836624456], [4.400732601175362, 44.94158449741017], [4.358966530032416, 44.930317846666824], [4.334256166611563, 44.92844022916321], [4.342770940578338, 44.93074462991502], [4.360176874743869, 44.939866761591524], [4.37607188754853, 44.95673359109007], [4.385071648501152, 44.974813039526694], [4.387815235413411, 45.01562859503813], [4.372366658410841, 45.05606642999811], [4.370919769732422, 45.05830626670046], [4.390195106105147, 45.02743116434264], [4.398861084342521, 44.965101929249066], [4.362776405739521, 44.899180077323365], [4.314980063384513, 44.8739075694351], [4.256842140178648, 44.860261027083105], [4.22423424972176, 44.863989453377556], [4.250438210104254, 44.867254222005954], [4.289174910900894, 44.891411926668766], [4.304011204893619, 44.912638369649535], [4.298351085827239, 44.896431533154], [4.28902847623839, 44.8780179298778], [4.273026692665805, 44.85419927538418], [4.240573763923653, 44.816068291239496], [4.219497701946687, 44.79809778873241], [4.187597239490146, 44.78133941736129], [4.152304842875242, 44.773400136886345], [4.122072805065845, 44.77165338071716], [4.073293241359338, 44.76385480166171], [4.042361072177965, 44.76647123863914], [4.0617219440673, 44.769971198483034], [4.09416856803111, 44.79032224727986], [4.111254393033211, 44.81476921174008], [4.11144502855508, 44.813050610874285], [4.084211260838705, 44.76542294832704], [4.033798774985542, 44.73708525424866], [4.014523561777285, 44.73266878224865], [4.009291777319235, 44.73248214671322], [3.993565182727759, 44.727733798269036], [3.981226596640178, 44.72605857262913], [3.9897838199815494, 44.72867270859678], [4.009329936990359, 44.73982010928915], [3.9749747363334142, 44.69763404304884], [3.968367791738344, 44.69161343822755], [3.948463967289098, 44.67430324759098], [3.879625418694809, 44.65118776751583], [3.82348266044203, 44.65811452682155], [3.8056073591499, 44.66390951352508], [3.783447430695489, 44.674551731828075], [3.777083159413667, 44.67952205666797], [3.791208104199176, 44.672850418105185], [3.77898027592595, 44.67539984924207], [3.75027535038547, 44.686791003443695], [3.7079787401917086, 44.71278584023526], [3.683843981844085, 44.73203558531688], [3.690567418303555, 44.728486269696376], [3.695782122100474, 44.726953723389066], [3.6361143159666844, 44.73413041314012], [3.5828687277693394, 44.76437596762954], [3.553409047373605, 44.844240625217815], [3.5707980646753548, 44.89634476309178], [3.5716859178076614, 44.89610346949807], [3.5626970374068394, 44.86181118603697], [3.5737377701329875, 44.814129011476396], [3.5978754642561337, 44.786776577379584], [3.6160121302257298, 44.77815425139545], [3.6192476507250992, 44.7768133376488], [3.621725551917708, 44.776972824618916], [3.633062078497588, 44.77956546482906], [3.655894377834335, 44.791967796090745], [3.679541323302904, 44.821067194367195], [3.6874512475271155, 44.844431026532945], [3.6836784486863943, 44.81793160505221], [3.6646149643159123, 44.77930396933617], [3.634401540842953, 44.750158808371594], [3.5981612149806343, 44.733351807870285], [3.5705007523894627, 44.7280721791811], [3.5358902394881015, 44.726944751816795], [3.5377268797551884, 44.72722069852056], [3.540784345688462, 44.72814194571017], [3.4945545438301977, 44.71604374626875], [3.428242049511728, 44.73530128681521], [3.387757829735251, 44.76755964300447], [3.3160446351410657, 44.865273433552034], [3.299948016142662, 44.9019525489686], [3.301075534659928, 44.903794250156665], [3.324821634798217, 44.874929704363666], [3.371627978012867, 44.857083393520924], [3.3145256783510497, 44.870857098467866], [3.2726875286116144, 44.94145755087193], [3.281371978838215, 44.92637759570811], [3.2175598799407004, 44.97748030273933], [3.1906894784035207, 45.04461798824637], [3.209970251672845, 45.12266477949252], [3.246974947948656, 45.159968776413926], [3.2585644058637815, 45.16640006131556], [3.234831603202086, 45.12692818502403], [3.2462474535748225, 45.054206001248566], [3.2921861485686046, 45.0207444315093], [3.2803551646552505, 45.018861927116795], [3.232390653519682, 45.03751637431583], [3.186472207503943, 45.088873248065674], [3.1713574125423083, 45.136384822337384], [3.170896290247133, 45.164664123151155], [3.180912304205367, 45.143201059947955], [3.166441863518346, 45.15447109055904], [3.1413004865720895, 45.19344936994924], [3.137992121927895, 45.221492313723], [3.163658187828665, 45.19268917493113], [3.1682379970727856, 45.18906691583893], [3.1635854519535203, 45.18980612584476], [3.0440089645317103, 45.21166765089801]]], [[[3.1298812361106862, 45.45093496762519], [3.206242064762958, 45.365305757055886], [3.212974481099148, 45.32807922673987], [3.18059503546829, 45.357764349102], [3.16806854804648, 45.389755874155234], [3.2173820029272147, 45.38293508416107], [3.2726298121713353, 45.360394825068866], [3.3150398780721053, 45.314519686277], [3.3256175134279102, 45.27108463005076], [3.317220136481654, 45.28587090944096], [3.343353695794633, 45.25987494005204], [3.365367709752867, 45.21136387684885], [3.3687305874576916, 45.16869317766261], [3.3627117924960572, 45.18342275193432], [3.3438193464803176, 45.20359962568418], [3.31475083534475, 45.21588207288321], [3.3469538514313957, 45.213099568490705], [3.4094165464251773, 45.16985999875143], [3.426368396797914, 45.06936381497597], [3.3818935941362183, 45.00895193868445], [3.363821052051344, 44.99765122358607], [3.379643748327155, 45.016783220507484], [3.3900465215964792, 45.06064201175363], [3.3750861200593, 45.100709697260676], [3.4302340211617848, 45.05994440429189], [3.461022471388386, 45.00876244912807], [3.4421118839964353, 44.885232797840985], [3.362374712842699, 44.855472771680205], [3.3711498615868054, 44.856455718083296], [3.3767117385189502, 44.85832341443814], [3.335160346643507, 44.83768673573171], [3.3116446545143465, 44.82977050728362], [3.282344897217178, 44.824318409627935], [3.252730316188919, 44.825567032742306], [3.2628595589150553, 44.826469933166344], [3.2890073110621465, 44.83265528177963], [3.2386277275421254, 44.79498987561334], [3.1971500323174498, 44.7760442083998], [3.1281787707309285, 44.77318593513739], [3.078247397338661, 44.802841726457615], [3.0754111656172287, 44.810285359241405], [3.117762534752759, 44.79587085556064], [3.152882779787621, 44.801010748487826], [3.170137233812176, 44.810920452053224], [3.190170657858306, 44.83749668428523], [3.1941086817442046, 44.83532340839643], [3.1697249212382506, 44.77731013573032], [3.1267739210051664, 44.74181049502], [3.123070383206375, 44.74397011129293], [3.139833496606433, 44.76072754836294], [3.137710717508303, 44.755195133877756], [3.1276500252799373, 44.72546566908646], [3.1205980994623865, 44.68583750400178], [3.103071827690495, 44.64950250094656], [3.0793699579792384, 44.62433768016833], [3.0809899159355503, 44.62704356226746], [3.0100980990181343, 44.54888008068709], [2.8862361738000435, 44.58513893832537], [2.8688702413271363, 44.60047852701603], [2.853490824424649, 44.61790166452628], [2.835013540692142, 44.64888631972672], [2.8248326672036725, 44.67780175849397], [2.8209633102353324, 44.69632923517438], [2.8192508725356236, 44.71657756561358], [2.820503396382709, 44.71078147159782], [2.8250283420099938, 44.699598524922465], [2.8245950045873323, 44.699045931114796], [2.8069138476720297, 44.759380612719255], [2.8426648126769427, 44.835741246838154], [2.878526227811499, 44.857578902040025], [2.858599101837895, 44.84193997013282], [2.8285909576015706, 44.7738837127791], [2.8493923731748243, 44.714498942404106], [2.8745168827360126, 44.693269718050146], [2.8875216482911474, 44.68792067908165], [2.864072616541668, 44.69284928158458], [2.8345984544885523, 44.70571142566497], [2.806647556886114, 44.7277193232155], [2.7856156875504214, 44.756762293566844], [2.7790591495551156, 44.775912358938406], [2.788663742786722, 44.76209636733448], [2.7662211086212523, 44.782347238649606], [2.7691388675231385, 44.7853174199444], [2.80053885469622, 44.76939500125924], [2.8157265958679623, 44.767145479633], [2.8229272942913277, 44.7670657537009], [2.781387490459182, 44.76187037543911], [2.719603520252321, 44.78036783250731], [2.6753617302415633, 44.84593817927455], [2.674724904085386, 44.8861671278779], [2.6750789194092195, 44.87612892687825], [2.678078097074716, 44.862113485859524], [2.686205257899193, 44.84550798230704], [2.694615091464474, 44.83475040819143], [2.68143502504283, 44.845636473233306], [2.666289648651469, 44.86201836206815], [2.6692543139796374, 44.86028837408521], [2.7013059586004506, 44.840395372069594], [2.7547029590817247, 44.8393442827322], [2.6684747541980256, 44.76821855975852], [2.6817500050402003, 44.788465763445785], [2.685564541924301, 44.79919669744119], [2.682369346698184, 44.78260981636848], [2.6713752622237976, 44.7545710337328], [2.652741442262254, 44.72847238134558], [2.631769372637788, 44.708666229178746], [2.6316263357045258, 44.707867202152954], [2.636451971684458, 44.71975819900781], [2.632080612332862, 44.6980101454027], [2.6190295943301285, 44.67055960554455], [2.6045200030452924, 44.651097040062936], [2.5892717617225522, 44.63605963562781], [2.5620309683051294, 44.615284710740646], [2.5485659817891455, 44.60046382503427], [2.518088402444174, 44.579679768632914], [2.4775814006958266, 44.56421204399987], [2.4265649511855454, 44.55885660507604], [2.3788917035758463, 44.55905133512785], [2.3668992880489186, 44.560385539287616], [2.3784524322512564, 44.56086028352607], [2.396957384947091, 44.56533044935636], [2.39260114683362, 44.56241829603914], [2.3626024514713673, 44.553249570220956], [2.313357641810399, 44.55553150717893], [2.2679127496172744, 44.58000220063582], [2.257504265048999, 44.59056487800348], [2.2781712573918464, 44.576945850457676], [2.3034856561170582, 44.56938783367567], [2.3135733757354386, 44.5695870607357], [2.256204251814024, 44.55542981732046], [2.252648276497576, 44.55560646362933], [2.2852654195783613, 44.57683372300238], [2.2586695052564973, 44.537761835417385], [2.1631349710069876, 44.52851817442313], [2.1134325256839643, 44.55806705604376], [2.088267787516147, 44.591150028657914], [2.0761341783023597, 44.619237848170584], [2.071340366837952, 44.64254880646746], [2.086205956447623, 44.61849640604275], [2.1084997210162744, 44.6010202428609], [2.093708534007955, 44.60525371642898], [2.0381398628419203, 44.6648734651543], [2.0426523041649522, 44.74597131659049], [2.0510624080934368, 44.76011925384958], [2.0586375639857484, 44.77952271752338], [2.0612384448931054, 44.75436210041317], [2.0643593760861436, 44.74675900433115], [2.0573955292352895, 44.75623763660878], [2.0129734563933566, 44.806772788020176], [1.9948159406800654, 44.837405477419104], [1.9821443394320593, 44.8733888190836], [1.9776514947549932, 44.92104651673256], [1.963908128286053, 45.00692251796545], [2.06092535449296, 45.08084311573197], [2.0976886341857846, 45.08400926799385], [2.0824187679572663, 45.07889741376827], [2.0567023666541973, 45.058894322765234], [2.040099785904069, 45.03202449487748], [2.034589932538244, 45.00216072882672], [2.0384166088174305, 44.97291830111221], [2.042919432522724, 44.96143849028606], [2.0466396885705067, 44.954887886880904], [2.0246152575415315, 44.9843156130448], [2.0078873193723434, 45.026978831306046], [2.0154697198562554, 45.090191782544046], [2.04979149135274, 45.13549927126367], [2.097023065991009, 45.16298313813393], [2.0919495092013065, 45.158887147228434], [2.0864782552381342, 45.15249328479564], [2.085085116253153, 45.15063999328417], [2.0887232911067195, 45.15989486101874], [2.1000304815572384, 45.18044007834823], [2.115702344186707, 45.20057376182929], [2.1097090997131516, 45.170745781657246], [2.1203179171251043, 45.13103974911498], [2.1264194921306343, 45.12001444105099], [2.1082758098633096, 45.144125144225164], [2.0946355425865324, 45.17924259119668], [2.091483027969514, 45.214348245707306], [2.0952575547280627, 45.239595246989], [2.116308464589361, 45.285865493085176], [2.1726671713015673, 45.32503556159193], [2.151538616956986, 45.30078014567185], [2.152276286385374, 45.31160330468125], [2.1773043644384495, 45.34744630426174], [2.217582101462427, 45.371664239933196], [2.24187351592577, 45.37661865239008], [2.2469159034221895, 45.37916291477017], [2.234788839286942, 45.370857003727316], [2.2766337100647607, 45.41564076605232], [2.3012022116472663, 45.42641038068721], [2.288708426504354, 45.419956501541215], [2.270852949278114, 45.40359930190992], [2.2704176270118412, 45.40657860952393], [2.279732230164372, 45.41763064266653], [2.2716980506929296, 45.39787679926773], [2.2694741662539464, 45.385988889913335], [2.2692478553497715, 45.37695182474915], [2.27138433968838, 45.361717576874476], [2.2783241700617705, 45.342726628018426], [2.2897353714583217, 45.325733131559424], [2.2994789755413945, 45.31606344354376], [2.3053739945942318, 45.311811099449955], [2.302833700258915, 45.31314270552508], [2.285023593425949, 45.326385199192], [2.250498332071381, 45.39279533423117], [2.280131908629192, 45.476342336826576], [2.322226289374506, 45.50352355036937], [2.3618224997272903, 45.512805253950646], [2.386600311104678, 45.51398634187856], [2.411628360084691, 45.51117897119589], [2.431265721627099, 45.505305768284465], [2.4502147907469154, 45.49679332012797], [2.4591023796164286, 45.49071250414834], [2.462051541079143, 45.490114012428975], [2.470815186812721, 45.48900617103498], [2.4537141710426673, 45.4870247487622], [2.4328425357968553, 45.478787362733264], [2.4106529104639227, 45.459525655354625], [2.406012134989274, 45.455084474881424], [2.458080408649244, 45.55881342693711], [2.557441888925794, 45.57800586339391], [2.621505851398592, 45.54956851516878], [2.6707267044901535, 45.54120958362695], [2.729264839436523, 45.51358922501951], [2.750001512707105, 45.47655023978106], [2.7443239334308336, 45.4858097830288], [2.844827420765969, 45.49580633716983], [2.9500977300032423, 45.45943939445674], [2.9943748849916294, 45.422041504949014], [3.017285883248513, 45.38169169481112], [3.008035648012992, 45.38955207169881], [3.0014221095487503, 45.38843757006758], [2.988011050331693, 45.3890642760322], [3.1298812361106862, 45.45093496762519]]]]}}]}