{"type": "FeatureCollection", "features": [{"type": "Feature", "properties": {"name": "Nouvelle-Aquitaine"}, "geometry": {"type": "MultiPolygon", "coordinates": [[[[-1.790396536262851, 43.20073842906351], [-1.8344799592583518, 43.241713395576944], [-1.8458234657985253, 43.26336814638821], [-1.8444912284075954, 43.27239063244198], [-1.8215279108506888, 43.24630664048272], [-1.8780084421289591, 43.282615681162056], [-1.8971698322451156, 43.353982442311604], [-1.8957557799548046, 43.38613629517274], [-1.8368581862823734, 43.476400833909565], [-1.7444801818929134, 43.47291369177556], [-1.7437573580685886, 43.47252770214748], [-1.7900534409254858, 43.475101613239076], [-1.8192547603542866, 43.469462355954334], [-1.7701966737585275, 43.487088737520615], [-1.7054753101349922, 43.48925032134926], [-1.693409124280193, 43.50689080802058], [-1.6573465011274047, 43.523371541136406], [-1.6560718830648435, 43.523036125295796], [-1.6645414520248565, 43.51556286656923], [-1.65471726106496, 43.52906127970677], [-1.6446636776380004, 43.54978785177919], [-1.621409747021541, 43.57462088850969], [-1.5221121455023228, 43.63831136345019], [-1.4262805237211207, 43.59894063568595], [-1.4345727110118502, 43.59890036960699], [-1.4341986526698964, 43.60254258015382], [-1.3908659583960092, 43.607353931905934], [-1.3260599116177403, 43.60825424307785], [-1.311609190014533, 43.610510375348035], [-1.2903548844908748, 43.61894076860104], [-1.2840121896385948, 43.62107262513267], [-1.2363159610718535, 43.65895706061616], [-1.103017756762358, 43.62254529458071], [-1.0676319212846226, 43.55049480310648], [-1.0779204269777138, 43.53984209222845], [-1.1346622897675682, 43.58810204184576], [-1.1740660026299072, 43.58790937321784], [-1.1511309455586693, 43.60262092587761], [-1.078644529859039, 43.6228627750551], [-1.0104525899758168, 43.60003530369017], [-1.0258146972606508, 43.60178838323621], [-1.0343933906618064, 43.60102474769791], [-1.0553813572524446, 43.588001744149004], [-1.0794704821972634, 43.5509466195532], [-1.0506905654108878, 43.61952041103143], [-0.9205953931151754, 43.63767547747237], [-0.9720782373340422, 43.62134627822967], [-1.0103736031940787, 43.58434549857552], [-0.9632234394905103, 43.63113786723004], [-0.9131612806950933, 43.6469138258964], [-0.8743695640228011, 43.643269345306656], [-0.8230722499206802, 43.66471679050813], [-0.7778602391738003, 43.669315927255624], [-0.7339786726067643, 43.66289252270022], [-0.6992600914133084, 43.64616773829698], [-0.7219454823595679, 43.646790006852164], [-0.6790097223169751, 43.65701644756572], [-0.5651639848846881, 43.64306556359106], [-0.5829065986793373, 43.639502362321835], [-0.5072559079396246, 43.683532071982206], [-0.45685955815418955, 43.69199884579272], [-0.36648575199244066, 43.64799188920073], [-0.3498364347208569, 43.558194543513515], [-0.35323909119795116, 43.55362469931419], [-0.36996630133396535, 43.618578657803], [-0.41976078234085923, 43.65194288072822], [-0.34352174404145924, 43.66160688451846], [-0.2909236241384828, 43.67923902322341], [-0.24720642494550327, 43.6864610694441], [-0.19831535262438282, 43.68889031037587], [-0.07891854772361978, 43.669954783128375], [-0.01924205903247264, 43.63552915005876], [-0.00398521215222436, 43.61072494480353], [-0.021976723386263414, 43.62633096977894], [-0.01083225423051902, 43.62132771310113], [0.014165555196548607, 43.602949136170054], [0.03412039218635664, 43.580311740298576], [0.06670546887650103, 43.524134859713946], [0.07815451589933822, 43.49614591112313], [0.08134183907970219, 43.43750475235843], [0.04204586237672185, 43.37541470932331], [-0.011639017922574737, 43.352447593227325], [-0.047062585686636044, 43.35244244647647], [-0.02801759683457173, 43.35434975182651], [0.02804321277101638, 43.386939544323845], [0.047632270351673174, 43.43523945057355], [0.03906863723686066, 43.46851494383023], [-0.0031565658484884324, 43.506910770079855], [-0.06329493566353034, 43.51004967408887], [-0.09401485606300317, 43.494063946944514], [-0.08955792000726347, 43.49896872568042], [-0.06798118893340395, 43.51569121484076], [-0.02510997145540307, 43.53265719991356], [0.04412813083401103, 43.52410948401521], [0.09254270363495679, 43.48036559127904], [0.10848807724599133, 43.43237393677966], [0.10534769206874699, 43.391923285763895], [0.10148345292314338, 43.40885470154374], [0.11681903110137595, 43.38100319737078], [0.12050542331009458, 43.3159767358256], [0.08439546171435873, 43.25697105073924], [0.042662849750094864, 43.23391249456872], [0.0216141610040751, 43.22947266102259], [0.036691447403912586, 43.23635163135885], [0.046319566209084256, 43.24317379568584], [0.052657023799076705, 43.2505367113824], [0.05855954054280918, 43.26036951350595], [0.06221639236207338, 43.27221908578718], [0.06138558989426172, 43.29553169485071], [0.06469859209569517, 43.29578571555852], [0.07326096091819885, 43.26231058690527], [0.06808856008229658, 43.217612864374495], [0.05439233868011895, 43.18861075301317], [0.037986325528969175, 43.16745346960423], [0.01980530335800775, 43.150959076576065], [0.0017923309534255208, 43.13826095167262], [0.010540225603838035, 43.147539568311934], [0.021510350130070827, 43.165080992804654], [0.017419594717173678, 43.148897819243714], [0.005771681853878302, 43.12225937410605], [-0.028368720934571386, 43.08417335269558], [-0.0872485003523109, 43.06376829232085], [-0.10145101880986081, 43.066543591528735], [-0.06345306646039896, 43.076757527162066], [-0.04154759119687319, 43.09453700498023], [-0.04836823426333542, 43.07948032516536], [-0.06903648724733888, 43.05341388087778], [-0.09612221978285782, 43.03309173216614], [-0.116918529719855, 43.02239880036558], [-0.13057480834970356, 43.01843812981243], [-0.11367430218743793, 43.03080789420132], [-0.0978053490168641, 43.05665205001098], [-0.09265077981360696, 43.076207376539465], [-0.09400574685680263, 43.0863027043124], [-0.08568188172270672, 43.034560098734595], [-0.12121687098842221, 42.96646992016784], [-0.16660106713890796, 42.93953200788132], [-0.20167012621391128, 42.93311355384715], [-0.22515401869705354, 42.933347422907595], [-0.20844293566534913, 42.937839524102934], [-0.19355851488897793, 42.94607235783232], [-0.2010999788957893, 42.93840496248018], [-0.21227608544814158, 42.93104513665234], [-0.19852240408078045, 42.950684467264715], [-0.19004493174201614, 42.985997839195456], [-0.1920246640844041, 43.00662561476364], [-0.18571024565151234, 42.986052019695684], [-0.1828470511761105, 42.95621583073848], [-0.18873866739051265, 42.91093457208668], [-0.2092141870294185, 42.87189860595102], [-0.22858976367155304, 42.850722547722526], [-0.234615694716822, 42.845944289699474], [-0.22823021769286392, 42.85430797245358], [-0.22030392014151526, 42.8714505157621], [-0.21737839566208222, 42.885483214254414], [-0.21728777957171302, 42.89406144186797], [-0.21700787379533648, 42.89296787250726], [-0.2113083786378203, 42.87076145275936], [-0.20715519395269527, 42.85079574979403], [-0.2428307436138323, 42.752596392950544], [-0.3565501369189109, 42.744733163506886], [-0.2999165229088653, 42.74515359196036], [-0.2468552715086585, 42.77447772057344], [-0.28248234032339503, 42.73996320079369], [-0.3612439751545748, 42.72441466767248], [-0.3575282661342287, 42.72941821614639], [-0.3544003874305349, 42.712184070331105], [-0.40053672382547023, 42.69344403827287], [-0.46812970123423747, 42.689852157649995], [-0.5259178341166311, 42.709035838226264], [-0.46657776292031206, 42.734054888237694], [-0.4591480809051441, 42.71980668820864], [-0.509507401259634, 42.68831189224564], [-0.5324282882094127, 42.67776094925701], [-0.585861811641105, 42.67406272716766], [-0.6641546773202185, 42.72541042898065], [-0.6778327068449784, 42.79517122272985], [-0.6733654719820281, 42.76256281841825], [-0.6323019545418286, 42.708876313475095], [-0.5985669460567309, 42.697480029144955], [-0.6198563302425635, 42.69818443912637], [-0.6930353335891537, 42.74312518894578], [-0.7072075922938462, 42.826132990011175], [-0.7079496288700394, 42.811570184274714], [-0.6942561174625701, 42.758386410516046], [-0.7100728351103205, 42.771148273084656], [-0.7131861629419832, 42.77253450391507], [-0.7275735321354364, 42.780193056706146], [-0.7112111017779273, 42.777670388136855], [-0.7194771679724078, 42.77661227919333], [-0.7650058430385256, 42.78380066913641], [-0.8134987658090534, 42.81668225519677], [-0.8443402754275668, 42.87651270191654], [-0.8362934922036477, 42.93961431044378], [-0.8352824431306135, 42.93839624536478], [-0.8387996869862213, 42.890479681814696], [-0.8335036055321572, 42.87211396518609], [-0.821512925858116, 42.86792088758567], [-0.7922353690880599, 42.85343947936165], [-0.8599820174217195, 42.843128102811], [-0.9579321123049612, 42.848984300356825], [-1.0175534657706171, 42.863783889299405], [-1.0732858337674647, 42.894073640707205], [-1.0727854434529798, 42.89705305796934], [-1.0600327605784488, 42.89134415243018], [-1.1112507439786443, 42.89850668722096], [-1.1346407660523876, 42.90997186267524], [-1.1389220482171867, 42.91214651395467], [-1.1230686122243054, 42.908823867007015], [-1.1733514571119348, 42.90850471189144], [-1.227224335916429, 42.935824275381016], [-1.2424202336538885, 42.94257176085316], [-1.3019662960260012, 42.950569489550595], [-1.3468355033215573, 42.97049497685761], [-1.3933183864423413, 43.01331700515071], [-1.4144200698230023, 43.09437050168457], [-1.377974497374824, 43.166390632870474], [-1.3843278668425592, 43.090748270055876], [-1.3046875361106758, 43.013648469387654], [-1.2847438812843812, 43.018711890940935], [-1.266044740554378, 43.036152838745586], [-1.2574333775572133, 43.05194034301527], [-1.2629330498002382, 43.01464859750779], [-1.3078296893585957, 42.952077466443626], [-1.3744061065200224, 42.92959122228993], [-1.4232916917692542, 42.9317327752881], [-1.4642807821736545, 42.9400965225016], [-1.5091165450011994, 42.95964249104792], [-1.5516749246837542, 42.995610366519735], [-1.587079080388142, 43.094104591466625], [-1.546601357861265, 43.16451883263359], [-1.504625277707321, 43.19775396969028], [-1.5071102710972624, 43.19345069083382], [-1.5042047904199922, 43.201898804062395], [-1.4993500239703503, 43.21482411711586], [-1.490565519300071, 43.19413984755317], [-1.4643987677129486, 43.17032339714805], [-1.4318856621723641, 43.16587584343899], [-1.4361275682546644, 43.16406940830161], [-1.4782006912611005, 43.16147067366267], [-1.5367515335969133, 43.180959228941354], [-1.55122834837092, 43.18428655693304], [-1.5395550721360474, 43.18599507124579], [-1.5038103101425957, 43.20619141106597], [-1.4943521913971625, 43.21201048494237], [-1.5233723576278584, 43.17492907422069], [-1.5740684610705418, 43.15002462566543], [-1.611867557352588, 43.14581405420612], [-1.6434427946747814, 43.14935111570863], [-1.6850497566182077, 43.16507145087518], [-1.7207562905904727, 43.198036068385186], [-1.7420191244807988, 43.24374464884602], [-1.74724824916189, 43.29364501276148], [-1.742535837479137, 43.31053791875582], [-1.7314247663487476, 43.242001831990805], [-1.6946707189555639, 43.20578472677623], [-1.69472440148408, 43.20635227530995], [-1.6722154275562815, 43.20551429876093], [-1.683555365157235, 43.20059827423694], [-1.7029193797978224, 43.19895977574019], [-1.7134626413139613, 43.19502304843111], [-1.790396536262851, 43.20073842906351]], [[-0.11384656765304767, 43.22924977367448], [-0.06858026692161692, 43.229859947430484], [-0.04273310615222063, 43.23803509508736], [-0.02412736878888274, 43.248320674472716], [-0.007232599037124421, 43.261994327057366], [0.008230871984677798, 43.28014197892293], [0.026531727043079684, 43.313901711068794], [0.03457478679965459, 43.342519574100976], [0.03636007409826737, 43.37288304951834], [0.030374768920415254, 43.404474441638435], [0.014658954311238745, 43.43548208503161], [-0.0098292288672528, 43.46084496373727], [-0.04060941555583948, 43.477853839628125], [-0.07882786835971277, 43.486287691249295], [-0.1068635638666583, 43.485517839489994], [-0.14187221014656115, 43.47552774937075], [-0.18425903948544142, 43.44277735030237], [-0.20748992493194965, 43.39893198714719], [-0.21467637368884018, 43.34352879092495], [-0.20042638483568442, 43.29124438419822], [-0.16256904891093657, 43.24906208064347], [-0.11384656765304767, 43.22924977367448]], [[-0.13308619104179237, 43.14871333382639], [-0.09197826351683035, 43.149035943934265], [-0.04157674611573613, 43.16789189266668], [0.018556934397134003, 43.258458000110515], [-0.019626907826675755, 43.36624524514408], [-0.12818034885393945, 43.404201656080616], [-0.22556365085496677, 43.33278328273821], [-0.23857902492346025, 43.26896273678247], [-0.2338761190165378, 43.23795660818527], [-0.21835809112322974, 43.203295904870885], [-0.18083140763996947, 43.16620733494488], [-0.13308619104179237, 43.14871333382639]]], [[[-1.6121196347543179, 43.51940697995386], [-1.5839296779647642, 43.61319829804198], [-1.5648456097339576, 43.627619480246494], [-1.5653607506693634, 43.64175283309579], [-1.5407893679366877, 43.70016150117167], [-1.4998818885502607, 43.86373516682835], [-1.4758147932154002, 43.92189137233213], [-1.4431307162097702, 44.043375590498236], [-1.3793961724487795, 44.32290480451045], [-1.3529963631909443, 44.45753043290692], [-1.3262635647432695, 44.53440347130256], [-1.1794227596779394, 44.587419222987265], [-1.143915191615166, 44.60492993274846], [-1.102211141405593, 44.62713150357179], [-0.9354802899261738, 44.580584091972355], [-0.8895088268286215, 44.48805797663005], [-0.9183966220357284, 44.4813226732936], [-0.9749379000524516, 44.53040527137231], [-0.9800158046635048, 44.530734558332874], [-0.9203767501880251, 44.54008606030231], [-0.8394865938983486, 44.52297816444359], [-0.6854153193493052, 44.55133967061532], [-0.6050503811534755, 44.540680105655944], [-0.5420055004652473, 44.485899052933256], [-0.5348060597419272, 44.46119009337939], [-0.5534725396555888, 44.48251283624672], [-0.4741431548048295, 44.44818268036883], [-0.4393166430971564, 44.410203986493926], [-0.4316832943006743, 44.38819913967245], [-0.4536717794313283, 44.41593164297292], [-0.4713902868452589, 44.427014248968604], [-0.4006683081138583, 44.411576413941205], [-0.32283661191815455, 44.3623616648014], [-0.28581681611366827, 44.29861785945169], [-0.2963504820992065, 44.239189825522814], [-0.30657478318731113, 44.27276357699639], [-0.3415489701751228, 44.301198792685604], [-0.27164202243582763, 44.292470418663896], [-0.3134753559289661, 44.2559988190186], [-0.2997239306627034, 44.31829416596195], [-0.19413187960753356, 44.36405635657666], [-0.06588062410384579, 44.292917628549446], [-0.03709968195327905, 44.23847255466946], [-0.029858421299556917, 44.1996922718665], [-0.05987135838832844, 44.224550329588844], [-0.07400006288619078, 44.25393039641243], [0.14889704585317845, 44.22119270782847], [0.2338912955183651, 44.1350856895062], [0.18322973558236405, 44.02236847037236], [0.15415853151693115, 43.97238449089758], [0.15674776731781526, 43.998362370079], [0.18430967848415103, 43.95371222323473], [0.17349339818683437, 43.93358480922705], [0.18198698524733964, 43.93060631879837], [0.17109865764200186, 43.88075712596493], [0.13674792813890402, 43.83530257825199], [0.09335252766509028, 43.812828556957406], [0.06041937081024277, 43.80717377124714], [0.010035493566411278, 43.80967782102087], [-0.009056144444821014, 43.81272798590925], [-0.030061080965824882, 43.81885550260371], [-0.05096118532562105, 43.82873491841765], [-0.07674340391696269, 43.84870129968867], [-0.10379145984906221, 43.8925522677866], [-0.10740426227148696, 43.94821003221429], [-0.08906508620568493, 43.99215232390823], [-0.07554235865945706, 44.00718316130833], [-0.09117208600377912, 43.9770482948845], [-0.09451328317672278, 43.93942613577658], [-0.08296165079826619, 43.90757062385813], [-0.060594518408505604, 43.882531797825955], [-0.044932717970124235, 43.873864830781784], [-0.027500903167989525, 43.87117614402111], [-0.008622802781084953, 43.87253576631193], [-0.0039611212213802385, 43.8742258727277], [-0.011790634435803457, 43.87027766713102], [-0.030227195290194908, 43.85372728728126], [-0.06834108307598465, 43.8335250644459], [-0.10502009331006246, 43.827101872208765], [-0.1369690242833081, 43.82649875337313], [-0.15548800919104275, 43.83163664306135], [-0.13690423151280193, 43.83580651522019], [-0.1527712212211837, 43.82784853764745], [-0.1350564534458028, 43.849119566578025], [-0.12717795088437717, 43.91680475062703], [-0.15109891874327724, 43.959748418444285], [-0.1323575798706142, 43.94451729378227], [-0.11206874532895521, 43.91899863500846], [-0.10513040250832703, 43.90393144171366], [-0.1033411176418396, 43.902140341827355], [-0.08816330893967408, 43.87071805825637], [-0.08506663243359637, 43.81740812549663], [-0.10719344704466133, 43.76414403976376], [-0.118588000280804, 43.751067632529285], [-0.11112647798799138, 43.76702075807858], [-0.10822453540895213, 43.78341127010573], [-0.10725617403698531, 43.76526735696136], [-0.10950913133315984, 43.752687286721894], [-0.11481412689247154, 43.7902833668017], [-0.13004233642968432, 43.81787105349851], [-0.11781739152455623, 43.8040859715245], [-0.09592356118780457, 43.75022264668111], [-0.1040132512462375, 43.69558888707448], [-0.13678689295601187, 43.63709458718581], [-0.1671515931293095, 43.60918321140498], [-0.20506711830145816, 43.59288345429805], [-0.2244994028080142, 43.59167213619686], [-0.18300382877244462, 43.61473807887171], [-0.154755737248171, 43.685357259067395], [-0.167389763927814, 43.72907198870624], [-0.1531544583396366, 43.70547105769843], [-0.1471663223895841, 43.64016694559897], [-0.1713024898887646, 43.5880572153516], [-0.18482580197169102, 43.57525976467042], [-0.16943822554726784, 43.61154961147566], [-0.18662692983920354, 43.682668569596764], [-0.18419208899353678, 43.689217764157625], [-0.15668042152252418, 43.648153777451576], [-0.1536095477649093, 43.63598285869638], [-0.16471880834563468, 43.65542520609202], [-0.14091587679898115, 43.55715559190458], [-0.24361437586151719, 43.48491497677659], [-0.3023282559585408, 43.465895115481544], [-0.4482552176591408, 43.453983119271776], [-0.5316676986660347, 43.500881342197005], [-0.5500429088020489, 43.5892373006858], [-0.5444155652791431, 43.604443456486486], [-0.5272162480075593, 43.528972110799266], [-0.46402244184581043, 43.49212715420729], [-0.4374440920603754, 43.49611192801779], [-0.5130534013206628, 43.452097637678165], [-0.5593380151153118, 43.443150436408935], [-0.6650882776830249, 43.45750155243429], [-0.6878945176404321, 43.44970999314784], [-0.7314319085866917, 43.44877226170301], [-0.7874373273932358, 43.47016947729978], [-0.7825137608261996, 43.46937007274438], [-0.7768757500793197, 43.470125209491876], [-0.8446044359771989, 43.44549665469335], [-0.8925167193049066, 43.44798217410361], [-0.8635265605094898, 43.45775813276997], [-0.8369203968059215, 43.48477650142447], [-0.8756097626659578, 43.44614972177033], [-0.9651286068848246, 43.442696522527626], [-0.9168154345891121, 43.47093558896857], [-0.8872215178027367, 43.495807380446806], [-0.9270226427475554, 43.43462625585099], [-0.9762226093381938, 43.40967125230208], [-1.021561302739349, 43.40183361676378], [-1.0660374100241834, 43.407914696309824], [-1.0835614701409608, 43.42292322494491], [-1.0616770544413305, 43.4237410741224], [-1.0888619973700928, 43.406966626782165], [-1.1733317102324317, 43.391875958154245], [-1.2655155730222862, 43.470501907771556], [-1.2658500787153775, 43.52385719689352], [-1.242944243237642, 43.47964470541928], [-1.1719400389281467, 43.46960093938384], [-1.1362178103614053, 43.486325374867334], [-1.1954631155091253, 43.442885231398954], [-1.256980809985467, 43.41811562465197], [-1.3072180883822595, 43.40914375692215], [-1.3781580416039907, 43.40775806809407], [-1.4024573473301036, 43.40507741984618], [-1.4467532889881498, 43.39927163039301], [-1.5156034762788793, 43.41999536431405], [-1.6121196347543179, 43.51940697995386]]], [[[-1.3174903515980723, 44.39325344659805], [-1.3472661417639884, 44.50179159781997], [-1.3471377066748509, 44.4965458657646], [-1.3579321120031869, 44.53910021847293], [-1.3475027655729395, 44.59908244459823], [-1.3098579631619982, 44.644779262393094], [-1.319549105364008, 44.62748600349171], [-1.3198642833996166, 44.63109607197763], [-1.2883652722503594, 44.70502048800614], [-1.2233360415931929, 44.75844645646917], [-1.1540863610221292, 44.76589266323961], [-1.096818168896431, 44.75528349478789], [-1.0934720661681578, 44.75498961617148], [-1.1294178070543144, 44.72262895706551], [-1.1343389520718625, 44.64087589809652], [-1.1640317388304553, 44.73481354949902], [-1.143978206270495, 44.749775412567594], [-1.1356163120917615, 44.646375110077855], [-1.183686443308562, 44.67776912795532], [-1.185891283050986, 44.677448467594175], [-1.2058223545782694, 44.686489377706245], [-1.2114728796225218, 44.69040323486772], [-1.1837846706004995, 44.68042612202936], [-1.1386351204045992, 44.68407833162345], [-1.0992402104693157, 44.71172808538945], [-1.085237077736559, 44.73470386569295], [-1.0989438583432116, 44.708014150195645], [-1.1106379788813088, 44.69527112803787], [-1.110465193155518, 44.69342042911049], [-1.1457423400506106, 44.659153766536065], [-1.1494677154211415, 44.633009169586906], [-1.1633574067330326, 44.5960246241715], [-1.2923375072121674, 44.532675964213745], [-1.297654786234797, 45.13970959996722], [-1.2564119707772645, 45.29611672717049], [-1.2370262479578493, 45.51411472246739], [-1.221165934593582, 45.55329639672471], [-1.1774619777725235, 45.61628236007734], [-1.1368680290845723, 45.654700659359946], [-1.0654640714757688, 45.673241566222956], [-0.9933028886267988, 45.64540093432668], [-0.9583302200060084, 45.585551666616155], [-0.9569448333622407, 45.55139578744181], [-0.9644897644797896, 45.50925440744764], [-0.9747296781154966, 45.491074943464625], [-0.9641949124502066, 45.518508188452955], [-0.965720060020729, 45.55824426257884], [-0.977933129767034, 45.58527015349368], [-0.9777788372575014, 45.58554559461538], [-0.9823286947050207, 45.58900206772702], [-0.9304171182806277, 45.561020017208946], [-0.9016152433417546, 45.54945680426893], [-0.8726896062371036, 45.540906133596465], [-0.7269687300831449, 45.42945979405816], [-0.6817536037742239, 45.379663455314365], [-0.6575766360607496, 45.320475616225146], [-0.6546928185939244, 45.29923553019031], [-0.6423077676172992, 45.26541290835448], [-0.6236661544521055, 45.17262225082562], [-0.625264328042089, 45.176604534868986], [-0.6041202086166361, 45.1389613656759], [-0.5856077733460778, 45.122910185925846], [-0.5619317570258352, 45.10622889501994], [-0.5267466997250421, 45.091064346070105], [-0.49498437387510563, 45.06528059256726], [-0.4675058792542132, 45.02168251121529], [-0.45919695698033486, 44.97525240435631], [-0.4622629839879163, 44.954136345339194], [-0.46173978959479506, 44.952496718754524], [-0.46225690478926795, 44.95194152611396], [-0.47667644839115614, 44.97221212929759], [-0.5973585358543719, 44.97286568935191], [-0.6365277605559991, 44.88829036091635], [-0.6380988474867636, 44.908228018217564], [-0.6482736808425992, 44.943577488815926], [-0.6387054934610374, 44.9692257740992], [-0.6259711404231514, 44.93274708620432], [-0.622279498513367, 44.927533086028916], [-0.6936936576056516, 45.046808873261156], [-0.5558013898633786, 45.123134146080844], [-0.5148631479331852, 45.116455430150154], [-0.47411704925371906, 45.10198685532693], [-0.5693019366031021, 45.063520773327035], [-0.5768022299851817, 44.947878634042766], [-0.5866127817582435, 44.94740424493499], [-0.6378609425779102, 44.960042157487905], [-0.7045857314513392, 44.99866658947416], [-0.7439519647006075, 45.05152998495433], [-0.7645644416880251, 45.102374678529905], [-0.776493237399927, 45.39367670800661], [-0.685998972305578, 45.42000695611699], [-0.698591074699766, 45.42175974805298], [-0.6669230420929765, 45.423513723061994], [-0.6312329364451503, 45.41926784245318], [-0.643850327822237, 45.4181903930726], [-0.6654834685842598, 45.410596933667264], [-0.6840623975276788, 45.39696728278763], [-0.6916754104170214, 45.387949022227154], [-0.6854581896642165, 45.39788454844523], [-0.6563741288038323, 45.42660374039562], [-0.6073876432578974, 45.445897013975035], [-0.5487973390355446, 45.4401811024436], [-0.5026482177887799, 45.40898904003911], [-0.4816464543202749, 45.37969627619215], [-0.4709473683683405, 45.35286120336264], [-0.4752096310797712, 45.35285841786946], [-0.4999241193303121, 45.381498247570455], [-0.5161358523990212, 45.389557557067775], [-0.5144370741870534, 45.39004749319896], [-0.5120454485699275, 45.3900364807737], [-0.4948215731531786, 45.39081340482433], [-0.46152603146298044, 45.38613504961658], [-0.42846652110686323, 45.37477806690303], [-0.38429921668424744, 45.35052513859145], [-0.35824289556820543, 45.32873925925068], [-0.33119472935042177, 45.29125031491453], [-0.3211233151994183, 45.244687827990056], [-0.32407034174205485, 45.2151891825286], [-0.3240095160731576, 45.2198514068851], [-0.32500669644454727, 45.22739843414034], [-0.32725336678765954, 45.23576339912414], [-0.33018432449742124, 45.24232408169353], [-0.3329257332616802, 45.24683261241917], [-0.3292284342661513, 45.242086890764845], [-0.34151169486678307, 45.25143551320588], [-0.36260146946939953, 45.26067376350091], [-0.3798223894839513, 45.26254730462784], [-0.35627554744816275, 45.267083389519684], [-0.3138609787038292, 45.26330459587858], [-0.27858402226480494, 45.246928071636866], [-0.2659755938994179, 45.24564691835731], [-0.23195007147276517, 45.231962640994375], [-0.21027963750122924, 45.218633307268775], [-0.196664188605027, 45.20717052606046], [-0.20097249571153927, 45.2097125991968], [-0.1991927436314632, 45.20918706583141], [-0.16460372599144607, 45.20072050572292], [-0.17113028518064238, 45.20105124984153], [-0.16925277146188836, 45.201466172658385], [-0.12428594011338329, 45.21523207020693], [-0.08117194380459496, 45.21870694527137], [-0.06303693407467736, 45.21148099615848], [-0.04879233423413717, 45.2189514547864], [0.06019479039098624, 45.21592282139562], [0.12194746588856055, 45.176840469041984], [0.15866743777286735, 45.11285980118619], [0.16363924537469532, 45.042450704674096], [0.1307077859510922, 44.98001100570729], [0.13641858102991133, 45.00853736129102], [0.13637486384017475, 44.97193105252725], [0.10192510737715718, 44.916523184378384], [0.08831587876950445, 44.90654940409793], [0.09463399960919171, 44.91375816230519], [0.10216548270700816, 44.929048784079846], [0.10299693615819992, 44.966889728372145], [0.08675008677332852, 45.00233893771216], [0.12240968690048067, 44.9600135736621], [0.12371772700933722, 44.87433521270629], [0.07568649482547647, 44.90813444376853], [0.029490060266209702, 44.9587298619095], [0.058987392979427185, 44.9430852139179], [0.059997428439944905, 44.94318624324121], [0.09324945239909611, 44.91913339533762], [0.07366839917769841, 44.93075089475815], [0.1656397220477283, 44.92628336798959], [0.1464906273569408, 44.92033095440695], [0.16511097831054197, 44.93859504305896], [0.14367215921998397, 44.89481251404504], [0.15110452737866492, 44.93861382160984], [0.2673955302785118, 44.97788599634393], [0.3325274119484812, 44.963708890797285], [0.36125777679934534, 44.95165725033815], [0.3761179371296823, 44.94055653187679], [0.42122454311986124, 44.87035250893194], [0.3782075395487996, 44.76970476371406], [0.3433359811398349, 44.74537070095544], [0.3008126983083757, 44.729546818450984], [0.3454021734375913, 44.7687314941342], [0.3667436289455676, 44.82866664390097], [0.36052708554544594, 44.83784524113913], [0.39593593026066076, 44.74524853243398], [0.3066763147965063, 44.659948199442255], [0.27167920776931304, 44.6566128536486], [0.24594503132445078, 44.6603966059421], [0.28055816759162494, 44.670859470091926], [0.3133503554275488, 44.70250884873999], [0.32364474650078195, 44.72854022902143], [0.3216496739385609, 44.70577739244741], [0.3004029829974184, 44.65920829448481], [0.24869697680575564, 44.621003856968365], [0.17384094654409696, 44.6173636438629], [0.12426156224881353, 44.64573577126292], [0.11380245191673578, 44.65693109560619], [0.1335524136662392, 44.64582932879129], [0.16187668968077185, 44.64012181636295], [0.17129788845097202, 44.64120250472754], [0.17750919666803283, 44.644031112336435], [0.19239924509320488, 44.65632563154449], [0.20450818581685826, 44.67646928828146], [0.20785572612726752, 44.70709431605596], [0.19559461286389593, 44.74028035110657], [0.17068740789162606, 44.76205743772582], [0.21218145630859, 44.75242970354572], [0.27030221933187176, 44.68450150967138], [0.2562098664036761, 44.58648366357218], [0.1427571692875054, 44.47773675568834], [0.10505506899211256, 44.456385884249215], [0.05998797396797189, 44.449845218756636], [0.055754068718602105, 44.45396851377175], [0.09092961240626068, 44.467458480042495], [0.07127437513988837, 44.4458191317013], [0.07646572843251809, 44.45474957818992], [0.08232143788606389, 44.48169811814433], [0.07141458389692956, 44.52410925268871], [0.05221957424542393, 44.54726693282657], [0.08374226819221765, 44.522567143271885], [0.1108040916082586, 44.45913509310553], [0.10390386281660066, 44.40629858914467], [0.09570204544907276, 44.3924078057248], [0.09718301384136262, 44.428394771734055], [0.08833190151489675, 44.45337165159872], [0.09491557680889738, 44.44548925239902], [0.11411669637246454, 44.400317717218066], [0.07721965936743674, 44.28856506292378], [-0.0011041920749219254, 44.26956932052091], [-0.032458808735360486, 44.26318718600822], [0.012707767323115543, 44.3261689150614], [-0.0005868315485101361, 44.39621208228888], [0.032395826107031636, 44.36679310849723], [0.0613839443710294, 44.24826362975963], [-0.020068263021681007, 44.164982646608806], [-0.15038955325192851, 44.12697840374571], [-0.21230412039246646, 44.164883643423344], [-0.13993606933729658, 44.19801183403805], [-0.13387464407103394, 44.168001180981406], [-0.2062939775641724, 44.1034475813361], [-0.4182070298248772, 44.11647320731439], [-0.47313321681268883, 44.16204642300361], [-0.49632151790079354, 44.235786174477184], [-0.4824211838863317, 44.261920140548305], [-0.45825538808184546, 44.215182335198605], [-0.47545569188614173, 44.2260855860588], [-0.5348997131547409, 44.23736575103139], [-0.5816882205686718, 44.26227035702708], [-0.6117847056993257, 44.30123086032755], [-0.6132033569028436, 44.311394013506074], [-0.5885508451951705, 44.28413731963117], [-0.6663914603444112, 44.317439163753285], [-0.7092279402580729, 44.363327906620604], [-0.7128824995347527, 44.38197094706674], [-0.6830616188465244, 44.35652189434405], [-0.6756886806506949, 44.351576329384685], [-0.8428134061016513, 44.32300583555641], [-0.9234672498119749, 44.34010993969769], [-0.9648361953364952, 44.33131144166713], [-1.0039500999475484, 44.33252072862769], [-1.0971193779642716, 44.3915553267064], [-1.0892691731713784, 44.47827002336995], [-1.0649837100738262, 44.428173908027645], [-1.0565888585944068, 44.432404496428205], [-1.0277168083848338, 44.44214806725154], [-1.1105532403220604, 44.39965077701274], [-1.3174903515980723, 44.39325344659805]]], [[[-0.7781656568199046, 45.25230669186819], [-0.8032893732571542, 45.29669232362674], [-0.8115771212096756, 45.32155374498891], [-0.8380918419934963, 45.37146185683154], [-0.8511486061486699, 45.38957543336207], [-0.8644088300083613, 45.404668332986695], [-0.8962668876810519, 45.43069697530598], [-1.0469448558553938, 45.50967728434432], [-1.0774055871413457, 45.5487524073012], [-1.0737623391931757, 45.55410937657896], [-1.0382489207194612, 45.523128553927364], [-1.0721411043342828, 45.532061275874135], [-1.1267504967539517, 45.570074319589786], [-1.1348674816959972, 45.57114916734933], [-1.1602758441167857, 45.575546099917645], [-1.1985638992891692, 45.591864172007185], [-1.2266186263814138, 45.61143510563592], [-1.2336888689863552, 45.61885899114423], [-1.2110061426023482, 45.61161283609599], [-1.2356342721657476, 45.604976026553366], [-1.3338125751809928, 45.659743599537556], [-1.3294787662559926, 45.79102810188264], [-1.3084729055046864, 45.85478155380959], [-1.1728144219536625, 45.906301595996894], [-1.108946265720176, 45.89964910836178], [-1.0271976190836805, 45.83797871954425], [-1.0203662116267465, 45.835400158378384], [-1.0137309268745083, 45.830258661450294], [-1.0752589821225016, 45.76468885935156], [-1.065513259459238, 45.65224492944192], [-1.1564241627866938, 45.70383690115974], [-1.201604973046904, 45.7429849682435], [-1.2253106660195565, 45.78437340878776], [-1.2300125275279419, 45.807745084348795], [-1.2302087844999838, 45.8081086456737], [-1.228101945334505, 45.80486632248628], [-1.2482510287288782, 45.8942716322177], [-1.191349735254412, 45.95847457581181], [-1.204297684224178, 45.94902060475993], [-1.200690995133617, 45.95345194234593], [-1.1845802386246993, 45.968043094677334], [-1.1587834734907283, 45.98432128921284], [-1.1220071024092202, 45.999120782495545], [-1.0852280664486422, 46.00319299205859], [-1.0898612086160724, 46.00149069065249], [-1.1443155057915273, 45.97482295752705], [-1.1685261018727309, 45.92722927343604], [-1.1653795214288631, 45.89497701036076], [-1.1586434766747953, 45.879937091729076], [-1.1548300659229653, 45.87530945291745], [-1.1893113687437888, 45.960128211490535], [-1.1395750218492486, 46.037205250551864], [-1.1287681324021606, 46.04537948646856], [-1.1691098566697102, 45.96108226966692], [-1.1468616928229622, 45.89298324683979], [-1.1820147422580034, 45.93343562085643], [-1.1798352302423638, 46.09067568058132], [-1.0652625153837587, 46.10515996451049], [-1.0984788518231703, 46.10416925375693], [-1.129745678566802, 46.087165066947996], [-1.1445408120936127, 46.06118332912049], [-1.1416972286157583, 46.00205368745028], [-1.1211104620486616, 45.97016666861581], [-1.1146567075088563, 45.96511960793574], [-1.1023632034692366, 45.95875300033001], [-1.1492301177705018, 45.980561945685274], [-1.1845642494486885, 46.03961209918495], [-1.18443775047617, 46.045774283599734], [-1.1934162609191978, 46.06570272363782], [-1.194549695922639, 46.08264574840179], [-1.169768630420213, 46.03292087889869], [-1.131650683185406, 46.007992917907764], [-1.1472770345783174, 46.01198974903262], [-1.170180304039685, 46.02311940321505], [-1.1779686861857903, 46.02898654924109], [-1.2156924668091378, 46.06591478768615], [-1.21673727339693, 46.167853278174604], [-1.2168426083227841, 46.122388738869795], [-1.172749759994496, 46.04595736266915], [-1.1785868385814624, 46.04669919648846], [-1.2381204736326006, 46.09288967662725], [-1.2505980973733883, 46.16416648262384], [-1.2503621756533831, 46.14725499576784], [-1.2134587970315425, 46.07752676393944], [-1.1616882290535249, 46.0570735904497], [-1.1801091499350864, 46.05650580924392], [-1.1905582837271755, 46.058709615792345], [-1.1960220590062278, 46.05804105834169], [-1.2379192947086328, 46.066517640665865], [-1.2958721033384981, 46.11541557504455], [-1.3082953344301902, 46.19680985454944], [-1.2794577558916846, 46.25040840589845], [-1.2487289071142413, 46.27678745157313], [-1.2761420083179127, 46.238692207342645], [-1.288353221088963, 46.23709811048002], [-1.239544145568741, 46.30951686457759], [-1.1756395501305643, 46.33530904814059], [-1.2000098398727608, 46.29479003805415], [-1.199129362710401, 46.250757842649534], [-1.202324052036567, 46.25524654238447], [-1.19892938829106, 46.25552024216494], [-1.2189038857485281, 46.30345183411153], [-1.1982201058670108, 46.3722870799487], [-1.1894073198788242, 46.383104803352616], [-1.162422245321783, 46.41027175095617], [-1.1354914086472248, 46.42874555963375], [-1.1037303266583178, 46.43993602208183], [-1.0320701097425817, 46.45231708074012], [-1.0117413611044432, 46.453899293749025], [-1.0125186903636358, 46.453738442079434], [-0.9792849057399499, 46.46199430523641], [-0.9151679736374708, 46.450018931383816], [-0.8581400321705824, 46.37856276188204], [-0.8655393226905912, 46.30501081454937], [-0.8919400276875994, 46.26802927152393], [-0.9000896273806641, 46.262050247137], [-0.8734335309205645, 46.32128132878288], [-0.9045786989989268, 46.39956718771425], [-0.9425374990930524, 46.41854200678951], [-0.94852167525583, 46.42031014495462], [-0.9503127423804938, 46.41995310038448], [-0.9390642392047641, 46.42297362927196], [-0.9096420592104818, 46.42644331380809], [-0.908603430756217, 46.42713882204566], [-0.8788035613367086, 46.433464771847525], [-0.8452715561363404, 46.43416340341664], [-0.7988741566369313, 46.427831028015376], [-0.6912099069505528, 46.37687152402472], [-0.6583999087301623, 46.33217483383144], [-0.6430362254800442, 46.29013790714145], [-0.6471686750710548, 46.2257962868008], [-0.6541558757675874, 46.26848915076743], [-0.6673121367739097, 46.313864572891255], [-0.580800887721213, 46.23712761305597], [-0.5834345696790523, 46.23812400148295], [-0.5837088554035453, 46.238892478062205], [-0.5333282078575011, 46.238283356049294], [-0.4788514471487657, 46.21853407743412], [-0.45025152848821576, 46.195012950017215], [-0.46798882483317805, 46.20021030065115], [-0.44372771525841703, 46.20727153504341], [-0.39208912931388246, 46.20022774860906], [-0.3458244592576531, 46.17424565924187], [-0.29062790875690936, 46.17526841066018], [-0.22465342848819658, 46.15886481168395], [-0.12110022270794407, 46.1059215439697], [-0.07622903215143864, 46.06338411976911], [-0.047480710544357305, 46.0529138492038], [0.012939549219647087, 45.9423307346875], [-0.051797725400819505, 45.848798533244846], [-0.11020304358528345, 45.83040901069723], [-0.08441484979227569, 45.852205882620986], [-0.05294239709722204, 45.93243319756929], [-0.028382417909578628, 45.88720726855966], [-0.023986121529014304, 45.838083049850475], [-0.04018050356093619, 45.784237886608715], [-0.07505135340451867, 45.74093966121551], [-0.12078209040433052, 45.70516982442384], [-0.19674950530837507, 45.67628784939841], [-0.27366836258881133, 45.69467427066046], [-0.28805677347101016, 45.70911575757764], [-0.26883839041261814, 45.7040148750857], [-0.34362606620343883, 45.68646587478715], [-0.39958435783906665, 45.68408475365089], [-0.39168750691122806, 45.68806192807186], [-0.3689316806901746, 45.70896382563108], [-0.38007512221542195, 45.80125094087928], [-0.3437408484186871, 45.8108900641892], [-0.3172402118294187, 45.723835521927086], [-0.3121193199893711, 45.65735342522956], [-0.32194829267622127, 45.622593516315035], [-0.34557432591269466, 45.68644435897964], [-0.3523367625699756, 45.70717625626593], [-0.19747860099612308, 45.57819418564747], [-0.2272585274025784, 45.4928639047073], [-0.23909779915853102, 45.47622026964807], [-0.22335475390439652, 45.55346737092003], [-0.1476534026511455, 45.52815957399778], [-0.17810117784508078, 45.42778192770176], [-0.1672482252407665, 45.47626415398467], [-0.14839082443956436, 45.4391159719192], [-0.1722221472376806, 45.36150837474464], [-0.20922855654856243, 45.32092876259318], [-0.21069685005282734, 45.37340067241238], [-0.21485105139900532, 45.43051494880329], [-0.1837665204903742, 45.377509016308466], [-0.18596705175304368, 45.31421746038875], [-0.1939606397685968, 45.29828411545248], [-0.186812512168267, 45.32300132890039], [-0.1920966407023432, 45.355672865523246], [-0.22609695056592544, 45.39541171898893], [-0.2699243705478187, 45.40738053516264], [-0.2688997145655503, 45.41020368934501], [-0.2012792678515293, 45.41534890825661], [-0.12545586985332233, 45.38841991675012], [-0.032357037892454685, 45.35413038829571], [-0.036962511568974246, 45.31031425204823], [-0.008955422090636787, 45.3384718240904], [0.07543855773996345, 45.28481120021291], [0.08956760353791504, 45.14688287761639], [0.06164585513366003, 45.113108568046044], [0.08637360496635768, 45.16069899921729], [0.07963777795899625, 45.216673106045256], [0.0774521257288642, 45.22076160068518], [0.09764898406957527, 45.17899328089117], [0.09006155530014416, 45.11068448620403], [0.0602302362657, 45.07054400997676], [0.04854735314525881, 45.06276726606497], [0.019246951200093364, 45.03519639791693], [-0.05865506592532263, 45.011529003841524], [-0.09642005619540504, 45.019289054728624], [-0.08334205988661672, 45.01946792979307], [-0.12136522853811163, 45.00728382734161], [-0.1494597148193576, 45.00222875015848], [-0.1830122740085539, 45.001569494277085], [-0.2535832563685368, 45.016724934168586], [-0.2783695042884607, 45.025295400803195], [-0.30484781139497297, 45.038955473939545], [-0.32605836249877074, 45.055552692731226], [-0.32381192852723484, 45.05430735900563], [-0.3183304061005821, 45.052621081642684], [-0.336043977735195, 45.05535992836314], [-0.36437702129617083, 45.06978940412142], [-0.3451224525518372, 45.06739461048032], [-0.37556161051604875, 45.06259269537217], [-0.4126465305306005, 45.067036236499085], [-0.4470503051332169, 45.08154848679412], [-0.47431956573384876, 45.10443310923515], [-0.49538626673831987, 45.13018538758084], [-0.5066076755025788, 45.14811791830646], [-0.5153186332123404, 45.167708600875855], [-0.5213873035554527, 45.189521565859664], [-0.5237924839268424, 45.210536593114895], [-0.5235776582579451, 45.2292188174714], [-0.5210966848005817, 45.24142417200995], [-0.5132452706495783, 45.20843968508547], [-0.5001931044317945, 45.18784874074932], [-0.4970767833157526, 45.185354861408555], [-0.5094014788931368, 45.19188593309697], [-0.5087939685370195, 45.19180095038342], [-0.5020644268468215, 45.190944595175665], [-0.5081965514300726, 45.1900735192263], [-0.5333369258129466, 45.190942506801036], [-0.5742881476009789, 45.198198442932224], [-0.6135258806696879, 45.21689375242955], [-0.6516443689202288, 45.258673582130534], [-0.6632886316316595, 45.29804479663736], [-0.6582815456797251, 45.285887723807846], [-0.6468817822112201, 45.2704369599609], [-0.6186626609644553, 45.25278089755639], [-0.5770783567421026, 45.24820698602496], [-0.5434958711961677, 45.261502259604384], [-0.5242758103357836, 45.279477451554776], [-0.5250245895829785, 45.27737097777284], [-0.5412736024723211, 45.256926717212366], [-0.5718045314157402, 45.23389306633274], [-0.609653672177763, 45.2211356069274], [-0.6396290635548496, 45.21944415754682], [-0.6744729579070236, 45.22365627693801], [-0.7134469253002339, 45.22231225194702], [-0.7268290276944219, 45.22421904388301], [-0.7781656568199046, 45.25230669186819]]], [[[-1.122627448729603, 45.91867596928081], [-1.127090680849494, 45.958275415841925], [-1.1664654181855347, 46.016059373846645], [-1.12548629311584, 45.99619724575319], [-1.0873741992516037, 45.94978722893293], [-1.0760967564083264, 45.89913794870241], [-1.088152088867783, 45.82849064988386], [-1.109846579026779, 45.77694045169573], [-1.183571363541977, 45.717498684375926], [-1.2946063720213843, 45.74619872730754], [-1.330172852248542, 45.8089109960376], [-1.3314320682938314, 45.81052394151274], [-1.3313449807489004, 45.81138165408315], [-1.3725649694109923, 45.84368297089196], [-1.3949384811642012, 45.85500472793591], [-1.4319232740808887, 45.885513590030975], [-1.4775346753215164, 45.963423573247006], [-1.4682923037082927, 46.01792181475464], [-1.4709343330994527, 45.98333967373238], [-1.4702450086954408, 45.96976560310817], [-1.4902113993492851, 46.105400909316046], [-1.3518582834257182, 46.14778060300175], [-1.2980854338776542, 46.12865909268316], [-1.2530215698236353, 46.103312359729266], [-1.2367526422270911, 46.08916447322157], [-1.2686018078003434, 46.09748902701593], [-1.2770533287348618, 46.0994165725093], [-1.220761792428525, 46.09809917040729], [-1.152888628138078, 46.05068082951673], [-1.1299365490400033, 45.987869407871976], [-1.131248295809582, 45.9645373465308], [-1.1440216038592463, 46.00848367241127], [-1.131123646584737, 45.997751541005094], [-1.122627448729603, 45.91867596928081]]], [[[-1.296823487381108, 46.05739126663453], [-1.3318251076518017, 46.0710733608154], [-1.3105474127169865, 46.063315642164866], [-1.3633756039056235, 46.07101651252914], [-1.447338747321364, 46.11189703965561], [-1.4959832408004547, 46.103604617151824], [-1.5497910993601083, 46.118633730690604], [-1.5990774729106694, 46.15588778791195], [-1.6411897557816288, 46.19348064544255], [-1.6323979015446748, 46.31608161682934], [-1.4994163279610533, 46.36189957136732], [-1.44864350644717, 46.35414924638769], [-1.4110560204647062, 46.33399505921159], [-1.3759533670806183, 46.28925693602322], [-1.3745055076490469, 46.20703518023244], [-1.451534982893623, 46.14063025621991], [-1.5138552717231433, 46.14649679153248], [-1.4182900162880028, 46.20129721715318], [-1.4487406393442748, 46.31527385523199], [-1.4800787894257936, 46.323649375282656], [-1.458963752410657, 46.33102942054239], [-1.3468164254498454, 46.31468693704637], [-1.3404113218813452, 46.16055832188134], [-1.3546533218813452, 46.16055832188134], [-1.3441764803126666, 46.28220510241002], [-1.387143122643875, 46.31588315832865], [-1.2816956492505867, 46.303388445692214], [-1.2322387992036947, 46.28154809879179], [-1.190765035914002, 46.247152691848534], [-1.165230534114113, 46.11664866254728], [-1.2496364671937314, 46.06280506663787], [-1.2422545682433608, 46.064403555248234], [-1.296823487381108, 46.05739126663453]]], [[[1.9535716872051132, 45.7761614843816], [2.0075029879510207, 45.6623982456435], [1.8949617692131078, 45.57082031409732], [1.8588738676709822, 45.567732527993115], [1.8453558078656631, 45.5698798122937], [1.8577085076245328, 45.56974228951815], [1.838048098384753, 45.566612824664716], [1.7869217915863114, 45.57499891615272], [1.7627112642445015, 45.591040034210764], [1.7928259382277016, 45.58086471706028], [1.8268992550305954, 45.58536337486628], [1.84504547895427, 45.59512358035114], [1.8320759552740422, 45.581603784056334], [1.7931577701431012, 45.555326336055906], [1.7365962083672457, 45.53843614943105], [1.5941892498806909, 45.46374351798979], [1.4902681725790405, 45.45724941506486], [1.4753794721173206, 45.489224348288296], [1.5014381954665776, 45.483537124904075], [1.469700675806656, 45.44948785643672], [1.4093885608332508, 45.41472826460187], [1.3662201632880957, 45.40226653734005], [1.3447667187882926, 45.400694054409634], [1.3462824771156712, 45.401889158603446], [1.34333904628734, 45.399496513529286], [1.3419028892358627, 45.39896885232201], [1.2856209965430738, 45.35117998635985], [1.2111303361643082, 45.36262845322327], [1.1844768662169967, 45.35774641099557], [1.1381542445411057, 45.37512862581675], [1.1345397850442431, 45.37636767148493], [1.10487725295193, 45.38396264777338], [1.0631462143439536, 45.40917111244366], [1.0282885632354364, 45.46982920281693], [1.0386395779239375, 45.54043944172822], [1.0597653991320464, 45.568775976046204], [1.074291094740915, 45.58130436419516], [1.093494689154159, 45.59247169527934], [1.0860344229303156, 45.58615682583893], [1.0634236970925792, 45.54654359398983], [1.071037492908614, 45.48015628464894], [1.1013671446905609, 45.44744907570904], [1.1204413958054265, 45.43946480276458], [1.083029495141484, 45.44289373234999], [1.040999995834892, 45.456021681788705], [1.009780648178639, 45.47544584809527], [0.9903318193439636, 45.49402082165872], [0.9653442666457601, 45.52581591098174], [0.9650938462879808, 45.52715744113224], [0.9741761333146589, 45.52118710287094], [0.9910930756122786, 45.516131508673155], [1.00393603912294, 45.514839900685644], [0.986789966257846, 45.51228150518386], [0.9652546858950352, 45.51195146018862], [0.9392143419790233, 45.51549527371257], [0.9477889934561533, 45.51584497283796], [0.9136897361396031, 45.50877627003525], [0.8666295917218179, 45.51196449781267], [0.8331722551252154, 45.526207438794586], [0.8516741912738203, 45.52194439217496], [0.9025913087433264, 45.526128819356636], [0.9265699072154034, 45.54108736332515], [0.9047965092448286, 45.51916080567388], [0.8573463496846668, 45.49929392585339], [0.8136630657922022, 45.495699383772674], [0.7602465015344944, 45.505172797054804], [0.7206778778771546, 45.51999069974056], [0.6680656792253168, 45.57741544164516], [0.6650154127185187, 45.646045243836326], [0.6754233137591816, 45.67052289682575], [0.6740725262779277, 45.6417985336381], [0.6869359535089323, 45.607320911878894], [0.685342955552701, 45.60472239423344], [0.6872316531191358, 45.604434870139784], [0.7024319337755032, 45.5986897978331], [0.7123901776285585, 45.597221734055985], [0.678722001660659, 45.59549595493988], [0.6228448029220828, 45.6047588574491], [0.539441575328375, 45.68394488069772], [0.5847191771859463, 45.817552101133124], [0.6124279308696615, 45.840013863896964], [0.6296210274936644, 45.849525897167055], [0.6259592568925892, 45.846039889868706], [0.6206480297964698, 45.840161665193065], [0.6396865799279322, 45.86721100304267], [0.6877508490294154, 45.89691126853362], [0.7446816448517658, 45.901032772838015], [0.7773465843649661, 45.88899062679761], [0.7646236036783068, 45.89180017696917], [0.7450849634101655, 45.888427468975706], [0.7161192593876887, 45.87335126461155], [0.7033517721396079, 45.859112831606886], [0.6966201754552093, 45.84720632839095], [0.6964315807672246, 45.84566341262707], [0.7004011158994908, 45.88471363232075], [0.7059621855184008, 45.9056679570396], [0.7107735676771314, 45.91750926126558], [0.7084267459190638, 45.90714967998282], [0.7071243634252475, 45.89419756672753], [0.7072810703560652, 45.92627995003535], [0.734370029763633, 45.98726452762881], [0.7842674201474528, 46.02024742502623], [0.8186777682514896, 46.02705772568715], [0.8420652887775821, 46.02686024333884], [0.8397246320133757, 46.02658066935314], [0.8390599860072534, 46.026533385925134], [0.8408561626362671, 46.027137951611216], [0.8451139544043883, 46.029009505511006], [0.849485015131402, 46.031429692568544], [0.8472306941845896, 46.02785993225531], [0.8287348422398406, 45.996741856386315], [0.8283109136121904, 45.945057468688], [0.819978643585124, 45.947820568633865], [0.8253892159078433, 45.942387093091966], [0.8515846442799594, 45.92777751864167], [0.8937741443746433, 45.923765169071956], [0.8803675190494435, 45.91812063860779], [0.8341964644076515, 45.91918839680149], [0.7924581252781001, 45.93660338722254], [0.7355424549374823, 45.99091503754795], [0.7198079079407433, 46.015527222407194], [0.7098118793449107, 46.04170424689327], [0.7058319176216672, 46.06630656806915], [0.705805285064021, 46.08654981725267], [0.7075192850640211, 46.09890881725267], [0.707802355220892, 46.088449758021014], [0.7093138664987898, 46.079693871050814], [0.7180867867795095, 46.195126359183696], [0.7901031111333543, 46.22568892338047], [0.7461058843884388, 46.19617922476235], [0.7282478201508217, 46.15136455086604], [0.727185230442881, 46.13627185902277], [0.736334722485896, 46.121127676260045], [0.7288072059725141, 46.12849530245586], [0.710216710368192, 46.154001635345985], [0.6908998786263447, 46.22360458645848], [0.7254790816360781, 46.29834872114991], [0.7747102228017003, 46.32601844440068], [0.8031730694631996, 46.3301714034407], [0.7957710599481442, 46.32797119818357], [0.7890219716154344, 46.32459011525303], [0.811701585301946, 46.341943449391934], [0.8481525843376957, 46.36385591191165], [0.8777404455220957, 46.374566094162276], [0.9049407291380165, 46.37854929095458], [0.9602289034195461, 46.37765454681486], [0.9506843745967545, 46.375944177121326], [0.9332999402450034, 46.3678169775805], [0.9113560491659609, 46.347401875613556], [0.8973766195591816, 46.31793657847647], [0.8976434596107513, 46.323880233861914], [0.9185898703054025, 46.3669531771698], [0.9415317173921505, 46.389989991521865], [0.9517446720128592, 46.397140121306094], [0.9511610111557766, 46.397022085367716], [0.9663165749908654, 46.415526501562894], [0.9912539939205545, 46.436460353694585], [1.0188489686303372, 46.451727626063224], [1.0452678148521017, 46.46013199213604], [1.0674086695323681, 46.463904979198325], [1.0942847008571097, 46.46454887429059], [1.1060598843990808, 46.46258496199461], [1.0977835204127246, 46.462470171680216], [1.0902094269754325, 46.4608428632338], [1.1420857816876544, 46.48339008307838], [1.1989625996189546, 46.48458001497081], [1.2238689111971042, 46.473091990325386], [1.2361902901435542, 46.471982714687705], [1.2503446769416113, 46.464528039320385], [1.2380366905002638, 46.46751840421808], [1.2426382620075809, 46.46755902554746], [1.2756513598112849, 46.47044368009439], [1.2650061989375592, 46.46639997449919], [1.2380786293343766, 46.44684234666837], [1.2337190437307397, 46.4433185380125], [1.264758126475809, 46.4748572680381], [1.322077910610505, 46.49626402857146], [1.3736433297043564, 46.4919197661766], [1.4156581819093546, 46.469994216444356], [1.4380829841888922, 46.44715159128819], [1.4431151956611303, 46.44011927524757], [1.4301100950485257, 46.452006552500904], [1.4611939074827818, 46.43933147979187], [1.5285531171225242, 46.38241840290442], [1.5322716848225222, 46.27903806978156], [1.4812111842889304, 46.20963601816015], [1.4798845231880313, 46.2450093661364], [1.4586737365131897, 46.27121968056565], [1.4863593418726482, 46.268340655308975], [1.5209581627488327, 46.25091946978373], [1.5673174389930593, 46.207768957182466], [1.5936458688842847, 46.14903567300293], [1.590043615289574, 46.0958068960077], [1.5862847690806334, 46.08706273428438], [1.5853511907883542, 46.11587002265408], [1.5611279253867214, 46.15782126715344], [1.5961611095168868, 46.14115258378429], [1.6316795525302865, 46.07897499839726], [1.6367985099717046, 46.049425328701496], [1.6110378230566706, 46.07774018149827], [1.671169145286694, 46.030532136421606], [1.6269858565422908, 45.8979044120251], [1.5866797965854424, 45.87146094590628], [1.613657054286063, 45.92512950379524], [1.6151404767356128, 45.97675072040205], [1.6083214910201589, 45.969245039537086], [1.5602108515094346, 46.01691975286482], [1.6135808880684066, 46.019150105960804], [1.6649505683505796, 45.998635057510526], [1.7107183184054204, 45.94449967251013], [1.719260607031393, 45.88160283947619], [1.711864105520347, 45.86679378207847], [1.6943203742233786, 45.9132360351011], [1.6624341890640646, 45.93790608705477], [1.6491517940536111, 45.94181863648552], [1.6507844615845146, 45.94145381354829], [1.723050160310348, 45.95685434237605], [1.7774075014590385, 45.95409223391561], [1.8215665833608492, 45.93499579254598], [1.8483593057909105, 45.90967043085519], [1.8572498820541317, 45.89615452866959], [1.8467529955539193, 45.90602121698117], [1.8426607161925184, 45.9086846363598], [1.9257198103470277, 45.87505966279957], [1.98042126439837, 45.80387201758883], [1.9798691276173774, 45.71349127607045], [1.9662657325825785, 45.740316741217825], [1.9535716872051132, 45.7761614843816]]], [[[1.8699881323290177, 45.76742347200688], [1.8509502307868924, 45.76591768590268], [1.8112710120489794, 45.70103775435649], [1.8007922511765937, 45.73348585182246], [1.9145158878508601, 45.79535186248379], [1.9232920176749655, 45.78594353586809], [1.9074516282823253, 45.778226851966565], [1.9357253811609008, 45.811390872037634], [1.9728079836343602, 45.839876766076145], [2.0201387630731724, 45.858238826504994], [2.066186655529537, 45.86045509039149], [2.0983208994022284, 45.853432295636104], [2.1250367580133767, 45.840503771105936], [2.1458779709283298, 45.82491959484028], [2.1324680430346783, 45.830482497805754], [2.2003535821559033, 45.8226104772116], [2.314802180781691, 45.77182928776143], [2.3007965999916524, 45.77389389786505], [2.2933955151809484, 45.77311442676299], [2.2848871542201343, 45.77002116457254], [2.2721700458688976, 45.76115048357721], [2.2976236042506244, 45.79010834643664], [2.3474462180764304, 45.81120912936989], [2.421428204636081, 45.8076120648128], [2.4153394522537672, 45.80677183501443], [2.498457439229039, 45.8357229477277], [2.5928487751872815, 45.776901621890524], [2.6194703016296708, 45.72960172712464], [2.625268770249938, 45.69759044463991], [2.625360688227673, 45.6724859948303], [2.623007660599145, 45.64582149048854], [2.618979313193943, 45.62458518375184], [2.611591486919794, 45.60313764944249], [2.5981313000379402, 45.5804767083904], [2.578984949438068, 45.56025394509389], [2.5502759114314824, 45.54181411216836], [2.523540700107089, 45.53343891242416], [2.5409944846173045, 45.54344505215762], [2.562544433811667, 45.56766149899713], [2.5650091816085974, 45.58036501596535], [2.5578147377897213, 45.61815124052419], [2.5439220416435053, 45.638728993991236], [2.5636391200225086, 45.622539910510426], [2.589849191883608, 45.57802771455925], [2.5968515625913327, 45.53770857056133], [2.5960125233752134, 45.51479025296729], [2.595385429307798, 45.51674128416909], [2.588904155101834, 45.53565338668621], [2.5656561544393734, 45.5645927762885], [2.6106532023182276, 45.518412575945014], [2.5915498650107263, 45.38041352511858], [2.5666950895360774, 45.334422344645375], [2.5314974642031447, 45.30481263726674], [2.4991118289573326, 45.292245251237794], [2.4693108131872794, 45.28901182896502], [2.420726458920857, 45.29442998757102], [2.3764336203835716, 45.308597495851664], [2.357109209253085, 45.31978667987203], [2.359930278372901, 45.31846023171554], [2.370865639915309, 45.31537702880411], [2.381039688895322, 45.31406365812145], [2.3870975002727097, 45.31440874604935], [2.393515710625494, 45.316660449630625], [2.423524091370808, 45.33691966317342], [2.449423667928619, 45.41350066576884], [2.419556406574051, 45.47437480080799], [2.4085562997410848, 45.48291529447492], [2.413488005405768, 45.48007090055005], [2.4258870244586057, 45.47105055645624], [2.4412106285416786, 45.45632886844057], [2.4566218299382294, 45.43333537198157], [2.46606566031162, 45.40753442312552], [2.469126144650229, 45.38392817525085], [2.4685918337460535, 45.36722311008667], [2.4651379493070706, 45.347073200732275], [2.4543337698356282, 45.320089357333465], [2.438820372988159, 45.29868739047606], [2.424717050721886, 45.275826698090086], [2.398205573495646, 45.252593498458786], [2.375471788352734, 45.2407116193128], [2.384220289935239, 45.24704323394768], [2.360543160713058, 45.215338996272685], [2.3326380965778104, 45.198465085229834], [2.2970324840742298, 45.184375347609915], [2.283397898537573, 45.182803760066804], [2.31471163556155, 45.202121695738256], [2.3350817136146262, 45.230472695318745], [2.3236893830430145, 45.198975854328154], [2.293244828698433, 45.165470438408065], [2.2729635354106392, 45.16153050691482], [2.289970445271937, 45.193912753011006], [2.2912849720304864, 45.205449754292694], [2.2896264574134673, 45.22372340880332], [2.28161019013669, 45.24390085577483], [2.2748925078693656, 45.254013558949005], [2.294354082874896, 45.22958625088501], [2.3097089002868487, 45.171028218342755], [2.2980476558132934, 45.118414238170715], [2.2699935184427615, 45.07502392165178], [2.269522708893281, 45.07438713898125], [2.2656908837468466, 45.06472400671582], [2.2497517447618653, 45.036986715204364], [2.2293824907986934, 45.01358685277156], [2.206862934008991, 44.99584486186607], [2.17749850864726, 44.98158072873633], [2.199426280143745, 45.01170621745596], [2.205164680627657, 45.05986716869395], [2.194938742458468, 45.0891483869552], [2.212598311429493, 45.06650211311909], [2.222514567477276, 45.049447509713936], [2.22982939118257, 45.03089369888779], [2.234536067461756, 44.997519271173275], [2.227794214095931, 44.96295350512252], [2.2065336333458028, 44.926415677234765], [2.1678092320427336, 44.89804258623173], [2.1367193658142156, 44.88785473200615], [2.10211664550704, 44.88513088426803], [2.075616966366, 44.87654907507994], [2.010889482248198, 44.874888666801574], [2.0019987849014123, 44.87405558733128], [2.0100256494048265, 44.8760623381795], [1.9728607116127967, 44.862762507323545], [1.9333682600664566, 44.86160596154238], [1.8966210342195597, 44.87241759654927], [1.8846913037507345, 44.88003040155525], [1.9048004467607853, 44.8725168178382], [1.9263812164002236, 44.8707835719143], [1.936802222488101, 44.87269552134745], [1.8828304823255289, 44.850654054013255], [1.8104335687275446, 44.83346016487575], [1.7687755057305719, 44.83379731264749], [1.7346732115104022, 44.840345047810075], [1.7055079616240278, 44.8546198210911], [1.6973450988565615, 44.86069601170663], [1.6975645756609898, 44.86051390455155], [1.6964739781919786, 44.86113375861015], [1.6695911226492728, 44.87071609203743], [1.6334535200573814, 44.897103229568216], [1.6144183309688853, 44.923629118537], [1.615345760759962, 44.92338887318803], [1.6282559149960398, 44.90879151642825], [1.6100406660658766, 44.91947964233046], [1.5863532717920228, 44.93119217859911], [1.581106893228726, 44.93329447195472], [1.5739721673429936, 44.93584251460301], [1.587348428774642, 44.936412062789394], [1.5413486874264246, 44.9277527277246], [1.4727941224336265, 44.95628992447692], [1.4466372827480902, 44.99337107430495], [1.4558170208046017, 44.98016720481451], [1.4978938233397379, 44.95014266516978], [1.5427133136612294, 44.94709671732615], [1.5680822028716461, 44.9568708240062], [1.567250331674433, 44.95504705583727], [1.5409838483999798, 44.93941472557567], [1.5233143134664713, 44.93608889540036], [1.5372842434939413, 44.9428599434161], [1.5229030249303896, 44.93281787807768], [1.427709206783977, 44.9199818064325], [1.3802166526798385, 44.95633404428418], [1.3678832847719775, 44.962346460367016], [1.3440806589287115, 44.98651352609625], [1.3368566616052346, 44.998059490400244], [1.3237696419317178, 45.01251123561126], [1.3071483594542184, 45.041912958355], [1.2948676086357547, 45.07914309955758], [1.2970375208858458, 45.123554737962365], [1.3055836522533366, 45.14884133487645], [1.3047971506218605, 45.14297883478941], [1.3091727307957872, 45.089947355883325], [1.3481978603264835, 45.044662808467805], [1.377926827243915, 45.03465945761566], [1.3259611686258832, 45.03217543547811], [1.2998363556107315, 45.0364192492515], [1.2740234264046857, 45.04376439115425], [1.235268938912738, 45.06244662146321], [1.1983840560658325, 45.096764611984504], [1.1781217387826546, 45.16761583987238], [1.1978330255251988, 45.22231853727907], [1.2046748671705914, 45.23098099389646], [1.195666940670643, 45.21256091855402], [1.1912592144382594, 45.177941596807], [1.207204696494777, 45.13640801200246], [1.2454782633568302, 45.10660985566613], [1.2709370983511223, 45.10098385409462], [1.2435114985303257, 45.09994808442849], [1.18309956105564, 45.12174653490994], [1.1435775247054296, 45.177594393078245], [1.1413403354644358, 45.23506120399079], [1.1594911231896923, 45.2756495737545], [1.1836440615543435, 45.3020022253748], [1.2131999337458255, 45.32022206232603], [1.1955362952968434, 45.300054292642294], [1.1866800812790497, 45.22610817190177], [1.2234861048375885, 45.17503746453688], [1.215216132913226, 45.177783761891206], [1.178452599892403, 45.203468460945366], [1.1470071926427958, 45.254256075568335], [1.1475733212738857, 45.31852352487448], [1.1591310911393997, 45.34337728813161], [1.1533487827290612, 45.327609803172365], [1.1539572755526286, 45.33890782859019], [1.1747695399331766, 45.38183964992783], [1.2063476998254097, 45.409809123372035], [1.2159731482663716, 45.41360813534329], [1.2326978424397605, 45.4304773227295], [1.2612052967522032, 45.44409219707909], [1.2406402543121267, 45.423173642644514], [1.2269400416851173, 45.37727406656497], [1.2475329923546976, 45.31925203044424], [1.291006166893582, 45.29046914643061], [1.3211169070519593, 45.28756476870923], [1.3202730776485792, 45.28648506938479], [1.291063755894711, 45.28294695161868], [1.2445333519328052, 45.291272466295766], [1.1941720002396197, 45.32862592383175], [1.170848750336631, 45.386417586528204], [1.1780526669606537, 45.439580299301795], [1.1965434447815535, 45.471496399092366], [1.2051458706032978, 45.481231451111384], [1.1998089006367212, 45.47263540044819], [1.1911665043620259, 45.426340121174924], [1.2185937532128706, 45.36745295581039], [1.250321484761393, 45.348227589410335], [1.2703583124853361, 45.344944802113034], [1.2405644712438668, 45.34566649103702], [1.1600100532449926, 45.41615065042677], [1.1786391107641372, 45.514489147678], [1.21886295371266, 45.55603948647071], [1.268653522884329, 45.58620884139655], [1.3139392812117074, 45.59830394559037], [1.3320358367119045, 45.599323462659946], [1.332197439166749, 45.59923173539813], [1.344747324193344, 45.60565014356328], [1.3393758045334223, 45.60073687509592], [1.4133365278826795, 45.679357651711705], [1.5254058274209596, 45.65413858493515], [1.5385987501193092, 45.655862482010214], [1.6615337916327544, 45.723815850568954], [1.7071442298568988, 45.735885663944096], [1.7009660447259578, 45.73263421594367], [1.7106285210457297, 45.743218419648855], [1.7517567449694047, 45.770710625133724], [1.8196680617722982, 45.77905528293972], [1.8657347357554983, 45.76246396578924], [1.8640682084136888, 45.759521083847275], [1.829113901615247, 45.76641317533529], [1.8406994923754674, 45.76901771048184], [1.866806192134337, 45.7687261877063], [1.8699881323290177, 45.76742347200688]]], [[[1.92561611214914, 45.59566013751621], [1.8653592921947921, 45.600225825413304], [1.7757362674174213, 45.67950125878218], [1.7855548723826224, 45.760840723929554], [1.79018873560163, 45.742133982411175], [1.8109201896529723, 45.71128833720043], [1.7570892838074814, 45.7279153636402], [1.7266310044460806, 45.74611278301883], [1.7049261179458683, 45.766549471330414], [1.6932066942090895, 45.7834655691448], [1.7083994166391507, 45.77009220745402], [1.7341884985409615, 45.758817766084384], [1.740733839689652, 45.75763765762396], [1.6686815384154852, 45.74225618645171], [1.6248762059463888, 45.74329736351447], [1.5878638109359353, 45.75232791294523], [1.5386616257766212, 45.787655964898896], [1.511977894479653, 45.86004821792154], [1.5202693929686069, 45.90166516052382], [1.5269216815945794, 45.86564032748987], [1.5533534316494202, 45.83266494248947], [1.5762031119315933, 45.8226738940392], [1.4947491484905653, 45.82793624713517], [1.4233925089798412, 45.893078960462915], [1.4221975232643873, 45.924091279597945], [1.4210449457139367, 45.97898649620476], [1.4982942034145574, 46.05087105409372], [1.494464143457709, 46.047697587974895], [1.4850848547133062, 45.95723386357839], [1.4920421769433292, 45.91699181850173], [1.4455394900282954, 45.9909446712985], [1.4410344474697134, 46.018523001602745], [1.456644890483113, 45.99785141621571], [1.4256300746132786, 46.010714732846566], [1.3898488092116459, 46.073693977345926], [1.3911112309193667, 46.13073526571562], [1.396406384710426, 46.145853103992295], [1.3962761311157152, 46.116706326997075], [1.4080145610069406, 46.08684504281753], [1.4087578372511673, 46.085356530216266], [1.4165506581273517, 46.080919344691026], [1.3500162634868103, 46.10331031943434], [1.2932534768119686, 46.173114633863605], [1.2890268157110696, 46.26499998183986], [1.3440503151774779, 46.346659930218436], [1.351372882877476, 46.289643597095576], [1.3145826598801111, 46.356444358780585], [1.396222915852241, 46.45171226692084], [1.4725646388899811, 46.50406745516885], [1.525215795714434, 46.51442852196241], [1.5598680022654665, 46.50975401976248], [1.5685983147020175, 46.50665822549092], [1.561655771840169, 46.50735382096335], [1.5965051340588685, 46.509830675694], [1.65118020909563, 46.49206220774142], [1.6981629536266427, 46.43116397482534], [1.700831086169036, 46.40684542402329], [1.682006402867758, 46.45188685210303], [1.6484443476501114, 46.47708463957428], [1.6285991687458228, 46.48124959435496], [1.6099795677730078, 46.47828915763321], [1.5990220698837796, 46.47374610458787], [1.608718754899425, 46.48067885121259], [1.6426873953538645, 46.496474519561005], [1.6843412457273048, 46.502637528447536], [1.7228843495652684, 46.49574587241528], [1.7014967097026414, 46.49178824362112], [1.680301422740989, 46.47896270491399], [1.6633612531189867, 46.458887785255754], [1.6546800787811717, 46.4362600559723], [1.6528483266287595, 46.415592934985675], [1.6521360990551317, 46.41761081032855], [1.6521115883541007, 46.44781123897211], [1.6682966908972368, 46.49450321528137], [1.7154278826882297, 46.538766103034895], [1.7664479233917187, 46.551909890887266], [1.8103889214735815, 46.546191377427625], [1.8465283483386896, 46.52752451377422], [1.8674123038363395, 46.50812099002316], [1.847805145352484, 46.51738685726462], [1.819383534259163, 46.519749332871115], [1.8008914222060226, 46.515488546865726], [1.826057449899619, 46.52817706269105], [1.8542441035515327, 46.535607146546866], [1.877111436433224, 46.538105554805384], [1.9806881626907293, 46.535922535857665], [2.0097985679215924, 46.530691211612314], [2.0297903949589893, 46.52321798860827], [2.020078682004152, 46.52496161622802], [2.0820593381288126, 46.52445420957233], [2.108615472128074, 46.51568120572804], [2.124447851658723, 46.520274610765256], [2.1496860373026716, 46.52358814964734], [2.2937822978204436, 46.51150205368086], [2.3522405194116107, 46.46256455309125], [2.3892243380545697, 46.43475295890694], [2.4153935549296177, 46.39184062656839], [2.4189997513249493, 46.376728996822536], [2.410295203393073, 46.39082804768274], [2.3920878665385934, 46.407854721328185], [2.3814298526792275, 46.41297349792702], [2.386232345635198, 46.412271452689964], [2.428623214597034, 46.40495767623811], [2.4676424448539365, 46.3836405292835], [2.495666240778557, 46.35281165911144], [2.5063083938538657, 46.33011044060627], [2.5018997418520064, 46.337726719206245], [2.4766307707082342, 46.3605101043196], [2.4104636361111775, 46.37156227132947], [2.3971305210697746, 46.370769024635976], [2.4476070101723892, 46.38335636392175], [2.5076104195398523, 46.36955583434753], [2.5427462757494776, 46.34411038849363], [2.5943516144827545, 46.286137404144476], [2.6122436431848075, 46.256703825480706], [2.620437564686155, 46.22995320287119], [2.618468518640463, 46.23453858166653], [2.617526147265182, 46.23578463070226], [2.640884727800428, 46.2085902272443], [2.665342489930415, 46.15262554734552], [2.6602188114165815, 46.08881769437245], [2.659853081588274, 46.09802169882328], [2.655930806185977, 46.10903960625456], [2.650233240675007, 46.1205110825441], [2.66746337538347, 46.09848784090111], [2.6857464339763695, 46.068097094450636], [2.6961186881293444, 46.033491269653695], [2.696390329543121, 45.99344675170851], [2.6925884037675143, 45.98448479248841], [2.694030746822413, 45.99439870986854], [2.6932258994423335, 45.988535192000704], [2.6922098473718994, 45.94658858757794], [2.6609036254210494, 45.893558303089485], [2.6388103880755396, 45.876023635324124], [2.642474594810234, 45.87985673592061], [2.6447716084992927, 45.8823109216205], [2.6440082117431714, 45.88135134110381], [2.6348922963251193, 45.861992845153154], [2.613847052753234, 45.83401099101953], [2.590505366039517, 45.814636800239164], [2.5842614486560733, 45.811066286445154], [2.587822072732537, 45.81374773826489], [2.5709693881192126, 45.797091437175794], [2.5444247315727844, 45.77949568646547], [2.5149253856821576, 45.770372918221184], [2.490141033730656, 45.76846381436199], [2.478606261533176, 45.77103108536261], [2.497607302832432, 45.774480916228505], [2.509922148924701, 45.78096332094333], [2.5024989578381778, 45.77332885730314], [2.4783500204077025, 45.75820203609841], [2.463181443200551, 45.75244609065261], [2.4832197209425875, 45.772901728432196], [2.4982073613101425, 45.82411203560452], [2.484444923281714, 45.86934831809716], [2.495678824616488, 45.86215798220002], [2.5110290220466074, 45.84284340383369], [2.523538631548172, 45.81940008105753], [2.527702582828192, 45.80598795760953], [2.5165753066398575, 45.8241228156144], [2.490986905706928, 45.845155002730294], [2.469454623744013, 45.853098531283116], [2.4742682065388135, 45.852936723664314], [2.507683887543434, 45.84425014427061], [2.5323856830889606, 45.82969295765966], [2.536060583252963, 45.8260924288083], [2.5432853910742357, 45.82184287726967], [2.58958063399909, 45.72756888984858], [2.500132547746233, 45.625636164985565], [2.4479017953639186, 45.6093719351872], [2.3800277819235696, 45.613880870630105], [2.4174143957493754, 45.62995165356337], [2.4062179541311024, 45.612721516422795], [2.3713088457798652, 45.58965683542746], [2.3374004848190517, 45.57801557323701], [2.302093400008348, 45.57389810213495], [2.263125819218309, 45.57862071223857], [2.147082417844097, 45.6298355227884], [2.0733759569653216, 45.63941150219424], [2.0394880290716704, 45.65556440515972], [2.0198992419866237, 45.67036822889407], [2.0318491005977712, 45.6648017043639], [2.0478993444704634, 45.66129290960851], [2.0609892369268272, 45.66245517349501], [2.0727240163656395, 45.66662323392386], [2.074210618839099, 45.66709312796236], [2.0723383717176747, 45.66503514803344], [2.0371619823250344, 45.6215244641319], [1.92561611214914, 45.59566013751621]]], [[[-0.10107249482547646, 44.81455955623147], [-0.06253172700933723, 44.947212787293715], [-0.06073968690048066, 44.879662426337894], [-0.0653120867733285, 44.872427062287834], [-0.09270093615819992, 44.92563027162786], [-0.08773748270700817, 44.99179321592015], [-0.06719799960919172, 45.031275837694814], [-0.04185187876950444, 45.05839259590206], [-0.03326910737715719, 45.06390881562161], [-0.05761086384017475, 45.02060894747275], [-0.06354258102991134, 45.012478638708984], [-0.0538337859510922, 45.05711099429271], [-0.031877245374695315, 45.0845612953259], [-0.03147543777286736, 45.050846198813815], [-0.02472746588856055, 45.04087553095801], [0.0027932096090137644, 45.024337178604384], [-0.12552568836662675, 45.08085608592393], [-0.07448335314525881, 45.22044873393503], [-0.0714882362657, 45.22104399002325], [-0.09237755530014417, 45.19263551379597], [-0.09767898406957527, 45.13601671910883], [-0.09093012572886419, 45.112838399314825], [-0.10122377795899624, 45.13129689395475], [-0.11074960496635769, 45.19449900078271], [-0.061587855133660024, 45.27063143195396], [-0.04035643500541644, 45.28337018620025], [0.04476989007494414, 45.31638805069421], [0.07134320902233858, 45.321703606394486], [0.09847500145841649, 45.32243962543367], [0.12539642646006166, 45.31801204205401], [0.14234438507645608, 45.31209599090486], [0.12850278524126557, 45.313911211893185], [0.11259983802792664, 45.312718149668505], [0.10102256121944125, 45.308856428653186], [0.0916538052990624, 45.30330587470714], [0.08001161194946252, 45.29115708280184], [0.07596528023047873, 45.285692127938496], [0.08363720721292073, 45.30268201825832], [0.1077538985363695, 45.331095048129754], [0.13674977542078687, 45.35016498355507], [0.17521462985038203, 45.362009273382455], [0.17501286188136866, 45.36142369673128], [0.17942863935070968, 45.3648561860784], [0.17185150868561166, 45.35611449457276], [0.15995702835434913, 45.33419178333346], [0.15656140264230872, 45.31252035248104], [0.15323466683935777, 45.33549078726861], [0.1543413790797257, 45.365543134168384], [0.15971248271488275, 45.392247141135336], [0.17698490089448063, 45.44347197862328], [0.19330398244494618, 45.4735066631254], [0.2120564679666915, 45.49502002765845], [0.23375410087985252, 45.51230891692996], [0.3542807072442632, 45.57393571991483], [0.4065971391204206, 45.585482937050394], [0.4282814709536415, 45.583553325044534], [0.39949273237428173, 45.580634834189496], [0.37356236182410374, 45.56888824693293], [0.3703145945751749, 45.566442120596875], [0.40059650834841254, 45.60492661523743], [0.42452810042004635, 45.62721997346821], [0.4184293202238693, 45.61848446308847], [0.41523650546556423, 45.611898888991185], [0.4136766730924251, 45.605875686273926], [0.41337239694900196, 45.60220613966703], [0.41283377453441916, 45.628834018495716], [0.4194687489041291, 45.66137763475017], [0.4407524848428582, 45.69894350541427], [0.48087487653579414, 45.72984241420284], [0.5300243305822417, 45.74174186603365], [0.5437203014971566, 45.7407781122569], [0.522771002458348, 45.7368267872096], [0.5006819758057632, 45.724548533435495], [0.5110272875088706, 45.73899952945375], [0.5379900796460105, 45.76504396347185], [0.6326134879612594, 45.81028311105349], [0.6875311970779172, 45.794009142550905], [0.6871559983393409, 45.79531804506013], [0.7155818223714415, 45.79719626594402], [0.7460200662244969, 45.7938822021669], [0.7819623468808643, 45.78057712986022], [0.8127230444472989, 45.75891160576656], [0.8546360464910676, 45.71630108812111], [0.8724654737220723, 45.66710146636189], [0.8701466862408185, 45.62488510317424], [0.8585825872814813, 45.59572875616368], [0.8539503207746832, 45.65121855835484], [0.8181241221228454, 45.69464530025944], [0.8108114984655057, 45.69867520294519], [0.8241049342077977, 45.69542661622732], [0.8148736503153332, 45.69473207414661], [0.7900554907551715, 45.682973194326124], [0.7899480927845965, 45.68715063667486], [0.8261426912566736, 45.71094118064337], [0.8928798087261797, 45.71765360782504], [0.9318617448747846, 45.70016256120542], [0.9157624082781821, 45.70583550218733], [0.8959922638603969, 45.70799172996475], [0.9233730065438467, 45.71434902716204], [0.9496136580209766, 45.71522472628744], [0.9766153141049648, 45.71162853981138], [0.9703720337421541, 45.711606494816145], [0.98952596087706, 45.71432009931435], [1.0261869243877215, 45.71302849132684], [1.0607698666853411, 45.70146889712906], [1.090066153712019, 45.68330455886777], [1.1165357333542398, 45.656740089018264], [1.1393161806560363, 45.627451178341275], [1.134149351821361, 45.632074151904725], [1.124288004165108, 45.63785431821129], [1.122380504858516, 45.63898426765002], [1.1687726041945734, 45.63353719723542], [1.2042808553094393, 45.618938924290966], [1.2463885070913863, 45.57634371535106], [1.256200302907421, 45.49327840601017], [1.2233495770696845, 45.44074517416108], [1.199145310845841, 45.42265430472065], [1.190926905259085, 45.41883563580484], [1.2020706008679538, 45.4282440239538], [1.2166924220760627, 45.44935055827178], [1.2245374367645638, 45.50838279718307], [1.1980737856560462, 45.556800887556335], [1.17651274704807, 45.57069335222662], [1.1891262149557567, 45.568774328515076], [1.2137257554588943, 45.56030137418325], [1.2139851337830032, 45.55555758900443], [1.2465696638356918, 45.55946354677673], [1.3035528100558003, 45.53406215074916], [1.2801515287561334, 45.54170950896298], [1.2739136875146637, 45.54491319788697], [1.308540515238607, 45.539566410589664], [1.3560882467871296, 45.51269504418961], [1.390633495637974, 45.440931878825076], [1.375181099363279, 45.376486599551804], [1.3589881293967023, 45.35343254888862], [1.3548905552184465, 45.34932360090763], [1.3647253330393465, 45.3677937006982], [1.369731249663369, 45.4075304134718], [1.3516819997603802, 45.45187607616825], [1.3183706480671948, 45.477143533704236], [1.2898142441052889, 45.482943048381316], [1.2798089223514209, 45.48234893061521], [1.297905092948041, 45.48621323129076], [1.3454618331064179, 45.48291285356939], [1.4016810076453026, 45.44668196955576], [1.4269319583148825, 45.375475933435034], [1.4063757456878732, 45.31122835735549], [1.371572703247797, 45.27730180292092], [1.3481801575602392, 45.2671866772705], [1.3341868517336284, 45.25228386465671], [1.3137543001745904, 45.24109687662797], [1.3325004600668235, 45.25887235007217], [1.3477747244473715, 45.289564171409815], [1.346537217270939, 45.27585819682764], [1.3348669088606002, 45.24789471186839], [1.3389546787261142, 45.260444475125524], [1.338904807357204, 45.31060592443167], [1.317391400107597, 45.347329539054634], [1.308927867086774, 45.35447023810879], [1.3266738951624115, 45.34636253546312], [1.3784219187209503, 45.282985828098234], [1.3645557047031567, 45.1931317073577], [1.3329620662541743, 45.16004393767397], [1.3103539384456564, 45.1472617746252], [1.3242228768103077, 45.1622324262455], [1.336485664535564, 45.191262796009205], [1.3346004752945706, 45.23684160692175], [1.3012304389443599, 45.28313146509006], [1.2625285014696743, 45.29904191557151], [1.2746089016488775, 45.300950145905375], [1.3168117366431698, 45.29345614433387], [1.3693233035052232, 45.25352998799754], [1.3905407855617404, 45.194878403193], [1.384289059329357, 45.14606508144598], [1.3671951328294087, 45.114417006103544], [1.3641489744748012, 45.11123746272093], [1.3776642612173453, 45.15409616012762], [1.3623239439341674, 45.211323388015494], [1.342841061087262, 45.231053378536785], [1.343108573595314, 45.23145360884575], [1.3441036443892687, 45.231458750748494], [1.3403028313741168, 45.23166056452189], [1.4018911727560852, 45.233218542384336], [1.4459021396735163, 45.21917319153219], [1.4945512692042127, 45.16501264411667], [1.4976968493781393, 45.090161165210596], [1.4888243477466632, 45.06869866512355], [1.492096479114154, 45.079373262037635], [1.4927283913642455, 45.108316900442425], [1.4878756405457818, 45.12757304164501], [1.486152358068282, 45.129266764388746], [1.4956953383947655, 45.11959250959976], [1.5019193410712885, 45.109342473903745], [1.4920467152280223, 45.11913753963299], [1.5150893473201617, 45.10401395571582], [1.5560054872863491, 44.99227532722921], [1.5069564003898435, 44.93627823473356], [1.5248762134346754, 44.98921978281726], [1.5451847553414095, 44.950338263349316], [1.5418753748214018, 44.892662365787885], [1.5205289449973391, 44.852126458519194], [1.5265915126652085, 44.86724364170228], [1.5331925778238427, 44.91409831942007], [1.5363051348483758, 44.9047177053166], [1.5341020572569912, 44.85850777293875], [1.5114117820550836, 44.813442915178854], [1.4851927323067307, 44.78922757625225], [1.459237970826471, 44.77338574754652], [1.4629699436394277, 44.77645334165435], [1.463261791616065, 44.776860057707914], [1.4503009807871898, 44.757330191835514], [1.4215822415022603, 44.72943609912602], [1.3741671532668434, 44.70866944307576], [1.3499088108873885, 44.70714613649344], [1.3610790096291319, 44.709124206265166], [1.3832781022820222, 44.71990029735064], [1.3979938295878933, 44.73461557474764], [1.4097746351762175, 44.769844375482144], [1.398533236837743, 44.82273550930179], [1.3900913706429017, 44.83672961219504], [1.4177323089839104, 44.791615093456876], [1.4164804906291297, 44.71965609677067], [1.392516509183229, 44.67820739183595], [1.364520211939269, 44.64958069900269], [1.3372097848038504, 44.6303418974969], [1.3097044430998517, 44.617994179759286], [1.2957708018604097, 44.614493198386825], [1.302005313751382, 44.61731783026888], [1.2833607632936221, 44.60498030489917], [1.2578695280180625, 44.593992744964424], [1.234729483372874, 44.588477141381205], [1.2170458034322573, 44.58660695872375], [1.2296830254675502, 44.5909669631247], [1.243176533815067, 44.59988856704917], [1.2069935821588726, 44.55010427173566], [1.185558747383045, 44.52819617777689], [1.150450329491545, 44.50225580899273], [1.0603520780620892, 44.47596436020472], [0.9913435998568921, 44.524298399740296], [0.9753326414933069, 44.5322123090359], [0.9567925358678097, 44.53955591789439], [0.963368009726253, 44.54074890767965], [0.8991444686011392, 44.50754320028788], [0.8040595434235196, 44.50907263730822], [0.7176631463044614, 44.637850292836944], [0.7551615384585154, 44.697001869842495], [0.7433570058519693, 44.643593144721606], [0.759678831876085, 44.608042399576505], [0.7789344114749724, 44.59558657220813], [0.8005028703022877, 44.59226865961636], [0.7510761378091774, 44.578206672628035], [0.6750455845116379, 44.57423780946941], [0.610048389971465, 44.595863740885925], [0.5920579208667021, 44.61480054958676], [0.6202697601506073, 44.602012084538494], [0.6078742664785669, 44.60121068177527], [0.627129250906335, 44.60685941049087], [0.6446394006447277, 44.61726414319615], [0.621085434541343, 44.59241883672857], [0.5647684747395857, 44.566883501894345], [0.5122084713292306, 44.56918133794171], [0.4904834120876194, 44.5787607024133], [0.519780653859946, 44.577522617446746], [0.46784482129605653, 44.5537943534107], [0.4123888812212054, 44.545361530267336], [0.31923194414365075, 44.57464388831574], [0.26707168999282366, 44.63387051283062], [0.24785527910724603, 44.669598154549305], [0.22800568626265097, 44.69034176640733], [0.20559091445455407, 44.71137475886088], [0.18223437105443235, 44.751489356099036], [0.18213182656240867, 44.8842425058658], [0.2590653016916243, 44.92514118154901], [0.24963201886016517, 44.922061299044564], [0.24433646045120042, 44.91829323628593], [0.2231154568801388, 44.84291549106806], [0.25455406287031773, 44.78174146812321], [0.2591762232006547, 44.779670749661854], [0.2771405880515188, 44.77153110920272], [0.23482446972148818, 44.78055600365607], [0.3149934726213351, 44.82398217839016], [0.336135840780016, 44.84042748595496], [0.282441021689458, 44.77662695694104], [0.2397153726430592, 44.74338704559305], [0.18330027795227166, 44.7270646320104], [-0.011516399177698415, 44.74979910524185], [-0.03729345239909611, 44.76761260466238], [-0.03891142843994491, 44.76935575675879], [-0.04600939297942718, 44.7728627860821], [-0.0282240602662097, 44.7672381380905], [-0.10107249482547646, 44.81455955623147]]], [[[-0.21126849469162493, 45.875760150601586], [-0.22551590959566947, 45.87555417557616], [-0.21341464659548132, 45.88535433878449], [-0.21594149643906382, 45.87967411339128], [-0.2231258784709857, 45.85661295014952], [-0.22147758209042137, 45.83510873144034], [-0.25167360290277796, 45.90994080243072], [-0.21795915020772427, 46.00108811737902], [-0.14532495641471654, 46.027300989302766], [-0.1495902745991805, 46.02325946675515], [-0.18657554921964709, 45.95624926531249], [-0.19695011166938128, 46.00384941689907], [-0.11207958517628054, 46.06920920688508], [-0.12088266026054426, 46.06415815777894], [-0.13064583929490536, 46.05481086993536], [-0.12371788044291834, 46.06946886800889], [-0.07754114196978114, 46.126206975782765], [-0.007163081898467323, 46.17070092672201], [0.0666390956914092, 46.19636498840453], [0.14520172098836562, 46.203634248214065], [0.1961008527132808, 46.189093740672966], [0.20711587367241302, 46.18142464913536], [0.17112080466622026, 46.186872151732864], [0.1880730394348374, 46.19510736146376], [0.2563417927909304, 46.18381840990865], [0.3001030030637823, 46.160488463586226], [0.2962828236191277, 46.16174736592945], [0.41446915258974276, 46.16255799515138], [0.4383891942488507, 46.15344823724097], [0.39484071201728776, 46.1365742409115], [0.3741593123111625, 46.05536499184437], [0.3469168816653211, 46.07106112083756], [0.3755775545993708, 46.17600126714234], [0.400064305786811, 46.20189761137415], [0.43500044614292854, 46.22282837195743], [0.48215860802731747, 46.23349773542386], [0.5317567675771236, 46.227216874700424], [0.5748765183224179, 46.202848198862874], [0.587953074344574, 46.18866031275647], [0.5924949405673188, 46.18265130140261], [0.5995781357009078, 46.18277339495032], [0.6089095380627654, 46.18358102932447], [0.6174224657868159, 46.19175841508117], [0.6369075579171501, 46.210281644403075], [0.6734056616328403, 46.230605753920635], [0.712554587845848, 46.23832711359122], [0.8570020086824085, 46.21240896913198], [0.9019981335012103, 46.133292128949186], [0.9067616447791081, 46.10882624197899], [0.907044714935979, 46.085139182747334], [0.9053307149359789, 46.07278018274733], [0.9053040823783327, 46.08082743193084], [0.9031701206550892, 46.092817753106736], [0.8984480920592566, 46.10545877759281], [0.8914155450625176, 46.116228962452055], [0.9023938747218999, 46.103678612777465], [0.8764335355923486, 46.114677603198515], [0.8459064809505565, 46.115129361392206], [0.8610198556253567, 46.12106483092805], [0.9187213557200405, 46.116172481358326], [0.9582327840921567, 46.09189490690804], [0.975113356414876, 46.07404743136613], [1.0199110863878096, 46.002410531312], [1.0188711577601595, 45.93470814361368], [0.9892133058154103, 45.88700206774469], [0.9545709848685981, 45.86126230743145], [0.9338500455956117, 45.849772494488995], [0.9123998373637329, 45.84037204838878], [0.8921360139927466, 45.83370461407486], [0.8700253679866244, 45.82888933064686], [0.8484367112224178, 45.826961756661156], [0.8333722317485104, 45.827598274312855], [0.8501165798525473, 45.831398574973775], [0.885731970236367, 45.85653747237119], [0.9050869296439348, 45.896736049964645], [0.9070896365747525, 45.89792443327248], [0.9055232540809361, 45.87319432001718], [0.8980784323228685, 45.84738873873442], [0.8951558144815992, 45.8408160429604], [0.8969808841005092, 45.84788436767925], [0.8919424192327754, 45.803526587372936], [0.8818218245447906, 45.77170567160904], [0.8683222278603921, 45.74604316839311], [0.8452707406123113, 45.720642735388445], [0.8032970365898344, 45.6970865310243], [0.7413083963216932, 45.69316382303083], [0.7101714156350338, 45.7006093732024], [0.7096583551482342, 45.70412322716198], [0.7498451509705847, 45.70679473146638], [0.7823974200720677, 45.72709099695733], [0.7862319702035301, 45.72799233480694], [0.7666807431074109, 45.70392211013129], [0.7396409725063355, 45.682506102832946], [0.7196560691303385, 45.671188136103034], [0.7330828228140536, 45.68343189886688], [0.7087565417629641, 45.641843632043624], [0.6637519203539896, 45.60953203652816], [0.6578447124911293, 45.60318847054624], [0.6290340241942367, 45.5711674665645], [0.587124997541652, 45.5474632127904], [0.5456976985028434, 45.5407878877431], [0.5401456694177583, 45.541998133966345], [0.5659171234642058, 45.54882358579716], [0.5936455151571417, 45.57001049458572], [0.6081192510958708, 45.59496236524983], [0.6122922254655808, 45.61412598150428], [0.6132916030509981, 45.59652186033297], [0.6114493269075749, 45.57611031372607], [0.6061534945344358, 45.55231111100881], [0.5911846797761307, 45.51770953691153], [0.5723418995799536, 45.492494026531794], [0.5479334916515874, 45.46967938476257], [0.5188894054248251, 45.432555879403125], [0.49428363817589627, 45.40943175306707], [0.4503352676257183, 45.3872051658105], [0.40946252904635855, 45.38444067495547], [0.4136988608795794, 45.385609062949605], [0.42475129275573675, 45.386762280085165], [0.34290989912014747, 45.34472308307004], [0.3497535320333085, 45.34996997234155], [0.35734401755505385, 45.359091336874606], [0.36091909910551945, 45.364934021376726], [0.3527915172851172, 45.34008885886467], [0.3528886209202743, 45.34148086583162], [0.3530293331606423, 45.34455121273139], [0.3565585973576913, 45.31357964751896], [0.3513169716456509, 45.276042216666546], [0.32698449131438834, 45.22988550542724], [0.29699536064929033, 45.2030598139216], [0.26542113811863133, 45.18302430326872], [0.23669937014961798, 45.171694726617545], [0.22141822457921312, 45.168971016444935], [0.23833010146363048, 45.17960295187025], [0.25594279278707927, 45.20113998174168], [0.2608447197695213, 45.2094058720615], [0.23974838805053747, 45.170806917198156], [0.21228619470093757, 45.14378212529285], [0.18397743878055872, 45.12687157134681], [0.15433816197207337, 45.11712185033149], [0.12076921475873442, 45.11406078810681], [0.0907556149235439, 45.11886400909514], [0.07518357353993833, 45.124417957945994], [0.0850549985415835, 45.12289037456633], [0.09416879097766141, 45.12301039360552], [0.10079010992505585, 45.12439394930579], [-0.04884884071135589, 45.10495591489301], [-0.08638855773996344, 45.1672867997871], [-0.0639805779093632, 45.1461901759096], [-0.19362748843102573, 45.185991747951775], [-0.1852249621075453, 45.225167611704286], [-0.1623061301466777, 45.19184408324988], [-0.22581073214847072, 45.216859091743395], [-0.2301962854344497, 45.21398431065499], [-0.26151362945218126, 45.20755746483736], [-0.32966504943407454, 45.22431628101106], [-0.3779913592976568, 45.281895134476756], [-0.38564948783173303, 45.34453867109961], [-0.3729633602314032, 45.38749188454752], [-0.37487094824695627, 45.37990853961125], [-0.3767414795096258, 45.32496698369154], [-0.35739094860099474, 45.29022105119671], [-0.41058914994717266, 45.379963327587625], [-0.3338334434514376, 45.477369237406826], [-0.3405838527623194, 45.469463625255365], [-0.34822117556043564, 45.4308800280808], [-0.36702577475923354, 45.466833846015334], [-0.35087682215491917, 45.528522072298244], [-0.34131259734885455, 45.47819842600222], [-0.41992524609560344, 45.51658862907996], [-0.39049220084146896, 45.60690973035193], [-0.37934947259742163, 45.6227420952927], [-0.3955713990038769, 45.55063981435253], [-0.4208012374300244, 45.519259743734075], [-0.4953276740873054, 45.553877641020364], [-0.5209537073237788, 45.64251448368496], [-0.511292680010629, 45.675518574770436], [-0.5172237881705812, 45.72127247807292], [-0.4879551515813129, 45.6723179358108], [-0.5384568777845781, 45.67912305912072], [-0.5349883193098253, 45.820432174368925], [-0.4793384930887719, 45.867832071928134], [-0.4267936421609333, 45.88222524634911], [-0.3693079337965611, 45.884810125212844], [-0.27527960958738185, 45.90391112491431], [-0.20523722652898985, 45.89116224242236], [-0.17829563741118865, 45.87046972933955], [-0.21126849469162493, 45.875760150601586]]], [[[-0.1985346416116716, 44.08042367041116], [-0.22905357870044307, 44.1817677281335], [-0.22816231804672094, 44.17935344533055], [-0.2328730092809428, 44.26514228984081], [-0.112677736978319, 44.342249353391196], [-0.1308479443710294, 44.303462370240375], [-0.12833582610703165, 44.24777489150278], [-0.15206516845148987, 44.26561991771112], [-0.18342176732311555, 44.365325084938604], [-0.11461319126463952, 44.44553481399178], [-0.008549807925078074, 44.469430679479096], [-0.04763165936743675, 44.44480893707622], [-0.08219869637246453, 44.362104282781935], [-0.07288557680889739, 44.336664747600985], [-0.08040790151489674, 44.34600834840128], [-0.09956501384136261, 44.392475228265944], [-0.09639204544907276, 44.4480841942752], [-0.08499386281660065, 44.472007410855326], [-0.08813609160825861, 44.438572906894464], [-0.06852426819221764, 44.39289485672812], [-0.06859757424542393, 44.387883067173426], [-0.10143658389692956, 44.42349874731129], [-0.1175514378860639, 44.48882788185568], [-0.10413772843251809, 44.54067042181008], [-0.08356437513988836, 44.572408868298695], [-0.02442761240626068, 44.63083751995751], [0.026963931281397895, 44.651885486228245], [0.06465402603202812, 44.64979078124337], [0.039186931007887456, 44.64522811575078], [0.020996830712494613, 44.63640124431166], [0.08411613359632392, 44.688384336427816], [0.07881378066812822, 44.62677649032862], [0.11909254369141001, 44.57541429645428], [0.07999059210837396, 44.583804562274175], [0.030825387136104082, 44.62691764889343], [0.008984273872732484, 44.68587768394404], [0.01632981418314175, 44.744210711718544], [0.04500675490679512, 44.791512368455514], [0.0803308033319672, 44.81883488766357], [0.11559011154902796, 44.833287495272465], [0.15537731031922813, 44.84001618363705], [0.20817958633376077, 44.83138467120872], [0.24845154808326425, 44.804814904393815], [0.2562304377511865, 44.796016228737074], [0.22699705345590307, 44.81017035613709], [0.17899302319424437, 44.808464143031635], [0.1418330170025816, 44.78109170551518], [0.12638632606143907, 44.74904660755259], [0.12636925349921807, 44.761439770978576], [0.1415856445724512, 44.80496315126002], [0.18417783240837504, 44.846104529908075], [0.2329409686755492, 44.8599733940579], [0.274486792230687, 44.85659314635139], [0.26282568520349364, 44.85508180055774], [0.3203232010728331, 44.85967682949979], [0.410194720892754, 44.786413845450696], [0.4338703100071763, 44.74422548716938], [0.43132405585634925, 44.740280111684264], [0.4215311187787946, 44.745152469732666], [0.4107231787039435, 44.74546364658929], [0.49097534614005395, 44.77543738255325], [0.5415425879123806, 44.7721332975867], [0.5620915286707694, 44.762860662058294], [0.5284295252604142, 44.763554498105655], [0.4996225654586571, 44.751311163271424], [0.5084985993552723, 44.763775856803846], [0.5477187490936649, 44.79041858950913], [0.5930337335214332, 44.80065931822473], [0.6612342398493927, 44.7977719154615], [0.7090880791332979, 44.776985450413235], [0.7184316100285351, 44.763950259114075], [0.6965884154883621, 44.77307419053059], [0.7190838621908225, 44.77563132737196], [0.7850571296977124, 44.79167134038364], [0.8445075885250276, 44.78453142779187], [0.904193168123915, 44.74630160042349], [0.9407729941480306, 44.67563885527839], [0.9215864615414845, 44.5860841301575], [0.9165008536955386, 44.61631970716306], [0.8774784565764804, 44.69510936269178], [0.8466415313988609, 44.700528799712124], [0.9150439902737469, 44.73482309232035], [0.9876694641321903, 44.73715808210561], [1.057987358506693, 44.7143336909641], [1.1212964001431076, 44.67632560025971], [1.1757792685022312, 44.5576719073761], [1.1048021811930981, 44.47475210255286], [1.0607984253114837, 44.459734602030736], [1.0769456634937826, 44.472891019839466], [1.0978948460893923, 44.52407061659189], [1.087399675271758, 44.57647314409224], [1.076934902181766, 44.591142617067796], [1.0812198365637637, 44.587475085514825], [1.093184716136824, 44.574011961953126], [1.1075880307044572, 44.55287674035009], [1.120599348647682, 44.51283874463832], [1.119755064621111, 44.48913947398357], [1.1155113160704024, 44.512021620418764], [1.1059918595242304, 44.53134402672485], [1.1095728093770925, 44.52718857087137], [1.122169232538361, 44.504080442903664], [1.1255857989967812, 44.4927238753281], [1.1140666306795195, 44.51080124816055], [1.1023824954863328, 44.52222496451314], [1.1276296983342398, 44.505182517473074], [1.1607526976623137, 44.45825415365964], [1.1675179293441384, 44.40046652391174], [1.1636750352648126, 44.385917849732245], [1.1644915104937084, 44.376192108929295], [1.1542579177612577, 44.334314110243895], [1.1272690998175676, 44.30057175616873], [1.0875025947093795, 44.27455638872462], [0.9652649123574478, 44.262888910905204], [0.9246780032240788, 44.268880092444604], [0.8874505542740809, 44.28351083831995], [0.8827773802423449, 44.28768678267238], [0.9120076013457704, 44.279319161011664], [0.9462908470610731, 44.283959396782656], [0.9780053607805385, 44.305710363586186], [0.9968107056619108, 44.33812273674512], [1.0003359537730185, 44.36056515297273], [1.0009342024733638, 44.35979118005672], [1.000828906997297, 44.33987879170822], [0.9962561470212807, 44.313418019507225], [0.9853014648731351, 44.28707340360516], [0.9811856482736774, 44.2844348515136], [0.9842099935845855, 44.334097845356816], [0.9731462117395331, 44.36222830227144], [0.9601501977359804, 44.37497143339947], [0.9405931731886036, 44.38618990786168], [0.9611018218130655, 44.38199749406618], [0.9863790636719376, 44.37129843625476], [1.0232203107299034, 44.341082316374376], [1.0463474933209358, 44.28596815819665], [1.0426379447775391, 44.239021432479525], [1.0309841315010124, 44.211534591707576], [0.9793255705608035, 44.13311723609271], [0.9480410748977881, 44.1080129260594], [0.9537052869345974, 44.12346936013404], [0.9625568512574249, 44.21647627890128], [0.9240652872650732, 44.26019121941519], [0.9320986758336871, 44.25684493730764], [0.9645048398178204, 44.23206290344002], [0.9916682903364615, 44.181969443855444], [0.98743837664281, 44.11326347021626], [0.9482074557965834, 44.06308676994421], [0.9065801515298423, 44.043956875556376], [0.8775481779945871, 44.03995041217681], [0.8548494793679333, 44.04040594721787], [0.8301924239900563, 44.04457135414208], [0.8113403600123633, 44.0509004996267], [0.8195257765468732, 44.04965021865441], [0.8357788891476537, 44.050474518696575], [0.8542035004376248, 44.05679004546716], [0.8811545624893687, 44.07910620042121], [0.8950705918312902, 44.10293160394445], [0.8924697168237893, 44.09394401449439], [0.8664693365208538, 44.05249400466326], [0.8277755893765615, 44.026670531593425], [0.8123997913465698, 44.02253912282622], [0.8277610497700733, 44.03335891012055], [0.8376103465946492, 44.045689916756174], [0.8394940810442737, 44.048018376097], [0.8406933065225289, 44.05156536073085], [0.8184396560625944, 44.00286126971789], [0.7064646581257517, 43.94411701369941], [0.641233935581097, 43.939142997430494], [0.5990037723051623, 43.95647391568295], [0.5713602447526465, 43.97637744430436], [0.5763660282498577, 43.974102064763386], [0.5851192495672658, 43.97308674934578], [0.5958168089427229, 43.97275895029354], [0.5232282718731406, 43.95344380317783], [0.49488515757347334, 43.952271877365014], [0.4718628192325264, 43.95509988463514], [0.4671250422571365, 43.95747631522453], [0.4880055883408848, 43.958715636785286], [0.5043451286393259, 43.964810210603794], [0.4946899981498941, 43.95783368264774], [0.3974810412746594, 43.92249227185771], [0.37755999389019396, 43.92021445069271], [0.37988452801224304, 43.92049495823159], [0.3488904128619348, 43.905415769960356], [0.31722483113989314, 43.8975600552055], [0.28364656533687727, 43.896920665068826], [0.2571879588313827, 43.90271687571509], [0.23678805821700377, 43.91058242956644], [0.2153491007880303, 43.918749003107735], [0.2417997909480131, 43.92168696960089], [0.26132095018761586, 43.93133177644927], [0.27321120744043864, 43.94162192743704], [0.2600806958654977, 43.923787772215874], [0.24484161832310802, 43.90750809369338], [0.22140961758320782, 43.889604171951476], [0.18670266441164893, 43.873617265261494], [0.14344155093334038, 43.86775364691565], [0.08591505868692086, 43.88593230609645], [0.07856162889810883, 43.89538510435495], [0.11492501744394322, 43.881710536729905], [0.1341028046409679, 43.8823590225828], [0.14532696619200092, 43.88974204774889], [0.07163542500251763, 43.86825074442781], [-0.036103767317815255, 44.051355629921], [0.00388346848306885, 44.10435950910242], [0.020250264417635944, 44.138289529627635], [0.0370887044816349, 44.099466310493796], [0.08846495414682154, 44.03054129217153], [-0.08493593711380922, 44.05422960358757], [-0.1985346416116716, 44.08042367041116]]], [[[-0.5996591445964546, 46.0395295219378], [-0.6464054303209478, 46.048295998517055], [-0.6934011122787871, 46.071836386944035], [-0.7795298632260903, 46.14831342710874], [-0.8486281242324125, 46.221792849232564], [-0.8363453249289452, 46.290697713199194], [-0.8397317745199558, 46.253932092858555], [-0.8362100912698377, 46.240613166168565], [-0.8483774568349798, 46.34088874759719], [-0.7722406485263896, 46.39968809833553], [-0.7725740178802929, 46.399517137762], [-0.7654347636293752, 46.40374526306972], [-0.7212118220614687, 46.42012167099381], [-0.6933254699574889, 46.42494127788258], [-0.6612577342579076, 46.424845313156375], [-0.6742036747362671, 46.4226296888242], [-0.6919643866266485, 46.41539392225184], [-0.6605615298331828, 46.43951832979583], [-0.6246771305148654, 46.45295411797895], [-0.5950941032551162, 46.455978002816956], [-0.5755275074822231, 46.4549387647979], [-0.5745994180823794, 46.45427707852495], [-0.5914342420775767, 46.452965077600595], [-0.6105177649909285, 46.446244503038905], [-0.6375691390335279, 46.42311499759993], [-0.655256319970125, 46.37216221121228], [-0.6405244167461834, 46.32115307199443], [-0.6261606086943211, 46.30475275225667], [-0.6316506479564399, 46.31023482773085], [-0.5921151676219354, 46.30839640484408], [-0.5905376498949901, 46.30737096534811], [-0.6528034123680109, 46.30762806170068], [-0.713764794465955, 46.353998062943], [-0.7336938469981175, 46.4166695076185], [-0.7281166099891058, 46.461789239217964], [-0.7194199829205796, 46.48156444824807], [-0.7232605649209687, 46.46209624850844], [-0.7223057958627008, 46.442493118508786], [-0.7401337653643109, 46.514726373402425], [-0.7238460761267447, 46.57480760404009], [-0.6925881516081025, 46.610180789163415], [-0.6854647987676764, 46.61411798451789], [-0.7034651930708743, 46.59362551981615], [-0.7153309071613003, 46.55868694609128], [-0.7152595697606781, 46.53742493482402], [-0.7236414860760052, 46.56924220055432], [-0.7244452204011248, 46.58510263457885], [-0.7173747173011941, 46.5662274926022], [-0.7083520523498202, 46.55343305784688], [-0.7255113272726558, 46.56957493602823], [-0.7465691903990042, 46.607247835204134], [-0.7546400072229411, 46.64244498340531], [-0.754525988556366, 46.658091159361696], [-0.7530407622836125, 46.64525206854777], [-0.7508251852444415, 46.63644795992223], [-0.7491368911063372, 46.633484654047756], [-0.7672164711002032, 46.6588307461752], [-0.7981842465378972, 46.69381061179856], [-0.8206042207601706, 46.73908705186756], [-0.8221464695763574, 46.80551102515178], [-0.8011662100747201, 46.844280331679784], [-0.8067481188433689, 46.83284044528065], [-0.8109656885395375, 46.78758673751083], [-0.7943993593860257, 46.74634001768617], [-0.7863457188036995, 46.7382640366715], [-0.7919511537341228, 46.74115875462365], [-0.8572462952690367, 46.77052936477307], [-0.8844024977338356, 46.79340840267635], [-0.906900364595307, 46.82191587839705], [-0.9251871795764777, 46.866485599365156], [-0.9267091449150984, 46.885838203751284], [-0.9158620546975328, 46.862371676001985], [-0.9009690236922017, 46.84789467908515], [-0.9283558854714885, 46.85918035652688], [-0.9597045097101797, 46.88864042389356], [-0.9694452309616863, 46.90338586898611], [-0.9637713814130687, 46.89845287476359], [-1.0397122338516882, 46.96547415772432], [-1.0413114789774427, 47.02686782104712], [-1.040914342708281, 47.031025413665496], [-1.0133807997767423, 47.08267770548076], [-0.9513496039702664, 47.11521255886756], [-0.9013876760495424, 47.11260374613983], [-0.8770109916109092, 47.1063960266175], [-0.8347530668974045, 47.087660001931305], [-0.8377786341540897, 47.08852811717437], [-0.8432248490904594, 47.08932737038514], [-0.8440745194005769, 47.089481009861345], [-0.7769595187323475, 47.09691955669702], [-0.7390660066846221, 47.090485299076406], [-0.6969528673797646, 47.08808978540135], [-0.6484328735544925, 47.09113899118135], [-0.6454570236771224, 47.092132525979096], [-0.6556039336134816, 47.08771675419875], [-0.6361818684607838, 47.100148077040814], [-0.6031921176083128, 47.10931331817691], [-0.6389131448282606, 47.06250839450497], [-0.6356072785148792, 46.994267681902556], [-0.6417459631348449, 46.99638418596161], [-0.6581091361628439, 47.06318146522222], [-0.6296480795151086, 47.12764048396611], [-0.5944094271681913, 47.15462981041385], [-0.5686359797980555, 47.16536583471028], [-0.5332764032708468, 47.174139797263564], [-0.5035612582531669, 47.176018152874796], [-0.47236271410597663, 47.17183659245197], [-0.4617649422541339, 47.165724506233666], [-0.47509656563025504, 47.16678112012707], [-0.4286777038578569, 47.176318808411246], [-0.39577947235298155, 47.18622335643319], [-0.27299414225091356, 47.19717462948412], [-0.22068244839521792, 47.195721691491734], [-0.20449003193838386, 47.199294822186125], [-0.17307668616769756, 47.200294494278296], [-0.13400061138797947, 47.191332374675966], [-0.08678641880314003, 47.16064017605918], [-0.059870976487661154, 47.115835232509006], [-0.05956063167651093, 47.111374047509365], [-0.07129574891547517, 47.13150224348398], [-0.09674194481445365, 47.15145994163074], [-0.1530354317450693, 47.15108469431672], [-0.1041134226219956, 47.16948842242884], [0.006626235415638143, 47.06841478695189], [0.009856187652354576, 47.04496521893601], [-0.011543951757858453, 47.073430784767325], [-0.03864145912859476, 47.088549980589136], [-0.021215628309858785, 47.085742787630956], [0.021897649243488235, 47.06086198545776], [0.05578286197813502, 47.006924030554224], [0.05904881215601707, 46.96050587254956], [0.057851883103015034, 46.957740397260345], [0.055853099589623416, 46.97885602566456], [0.0714083863541754, 46.942443567834694], [0.06714042559430744, 46.94762190679059], [0.09369522120686394, 46.92913548818345], [0.12594969956836435, 46.86982505693419], [0.11004571408590157, 46.782476187497885], [0.03870855749908425, 46.73077754302382], [-0.0042587711937375865, 46.7294844451517], [0.05106356598879561, 46.75445681675053], [0.08063318193256755, 46.80486447296752], [0.08115401704307584, 46.79590183530344], [0.07493297047073047, 46.813892269073776], [0.0591123173553822, 46.83619455005511], [0.07570208996411043, 46.82503293805333], [0.10427139569206426, 46.78484181388164], [0.11392520390031632, 46.73550965309648], [0.10751290722111993, 46.69579329727205], [0.08634320002132655, 46.64958088749399], [0.06584150361416945, 46.624525990045626], [0.06771927333304545, 46.628769242926666], [0.07070833778165708, 46.64473986290172], [0.0675527082559657, 46.666975025561], [0.05559099184704278, 46.68891875330992], [0.042030093834387765, 46.70196063175568], [0.025917269316029203, 46.71071210749269], [0.06463742297608503, 46.69796651658718], [0.11085606559965593, 46.645885496551266], [0.11906445480620552, 46.58582284489186], [0.11026805976988814, 46.55153798257354], [0.07106685793805091, 46.47736774081588], [0.04973490560597732, 46.4587748414866], [0.06148511190195113, 46.481039865803886], [0.06386446450653435, 46.49248574693544], [0.06274166801128188, 46.50864644448025], [0.054630523039596264, 46.53148652301072], [0.03903395106536044, 46.55212605132572], [0.04817410134585523, 46.54604631043257], [0.07550407542751385, 46.51022741346895], [0.08860084066704423, 46.453638900936156], [0.08195041689340038, 46.43775721269209], [0.06383916613279916, 46.470010121189695], [0.0832423132235625, 46.45878823478726], [0.11149577670246366, 46.41964872519533], [0.1215841005998545, 46.37837505135335], [0.11851371992729501, 46.36718360424941], [0.1091127056635568, 46.39241127473885], [0.10343453944660486, 46.39908882871082], [0.07824031192957326, 46.40618096109729], [0.031518611813679605, 46.39671524847328], [0.028453271581306894, 46.399267894993386], [0.06333795406794601, 46.42506152112131], [0.11304693163231341, 46.44340953944357], [0.18010223781872095, 46.439995318285725], [0.2529777176102387, 46.38827076697364], [0.27626574005678306, 46.307830094527446], [0.2608156169000458, 46.24306132664731], [0.23203733639256396, 46.199986639896714], [0.19787307438971175, 46.16816372656509], [0.20264617646218436, 46.17572491479573], [0.20556085154600534, 46.18511871918216], [0.2060406969793609, 46.207273385743285], [0.1936963865923482, 46.241565245015394], [0.17387927459227775, 46.26318523754367], [0.16569567497137544, 46.26805252807994], [0.22396089136218394, 46.250716767964036], [0.2736215488424789, 46.21763655624776], [0.3044168091148358, 46.14424635450302], [0.29650736043756154, 46.09286043489733], [0.29044507133669445, 46.07979199330391], [0.2943464279791485, 46.10510667548302], [0.2875870815485172, 46.052412560926335], [0.18467319533377974, 45.98733184826714], [0.12297012632758697, 45.999987350864636], [0.10990314728671921, 46.00862225932703], [0.12665827901163437, 46.00449575178593], [0.11082490430859081, 46.001307011595465], [0.07871908189846732, 45.99007907327799], [0.055473141969781134, 45.97685102421724], [0.04407988044291835, 45.96063913199111], [0.030859839294905357, 45.93684513006465], [-0.004721339739455745, 45.90134984222106], [-0.04793441482371945, 45.87977479311492], [-0.10639718781304654, 45.86977219197939], [-0.17250896784856135, 45.888083880230894], [-0.23413977729205593, 45.9409304560303], [-0.2945685715118034, 45.97148318831605], [-0.3169460912430906, 45.97700758933982], [-0.39668354074234685, 45.980820340758136], [-0.45166887068611755, 46.00930825139094], [-0.444810284741583, 46.00727446495659], [-0.511977175166822, 46.005107699348855], [-0.5689364715117842, 46.03403504998279], [-0.5807885528512342, 46.046461922565875], [-0.5664117921424988, 46.0410386439507], [-0.5996591445964546, 46.0395295219378]]], [[[0.7872799859589373, 46.03330626885093], [0.722977412154152, 46.038598886408785], [0.7421303383671596, 46.04278424607937], [0.7580624420828499, 46.05115435559693], [0.7445435342131841, 46.03735558491883], [0.6846784619372346, 45.998488970675524], [0.6002738642990921, 45.982774605049684], [0.5140610594326813, 45.998672698597396], [0.4513669256554261, 46.04256368724353], [0.44633748167758214, 46.04962380113712], [0.46880323242287625, 46.03738312529958], [0.4936173919726825, 46.03382626457614], [0.5103215538570715, 46.03755362804257], [0.5269756942131889, 46.047322388625844], [0.5354224454006292, 46.05579473285766], [0.540397118334679, 46.12171087916244], [0.5674266876888375, 46.106821008155634], [0.5198512879827122, 45.980457759088495], [0.44580480575114934, 45.953585762759026], [0.39115084741025724, 45.96392200484862], [0.2771291763808723, 45.96266663407055], [0.2327029969362177, 45.97218753641378], [0.18686020720906957, 45.996275590091344], [0.128339637331489, 46.023183249737976], [0.09436357202085151, 46.107725324516984], [0.10446092866330553, 46.153344006696095], [0.1081546395624385, 46.16011556510267], [0.10499119088516419, 46.129099645496986], [0.12418445115752105, 46.08471344375224], [0.14769910863781605, 46.06582723203596], [0.09447432502862457, 46.08116347192006], [0.06124272540772226, 46.09791876245633], [0.023759613407651814, 46.13610675498461], [0.007459303020639116, 46.18349461425671], [0.008775148453994644, 46.22083128081785], [0.02052182353781566, 46.258373085204276], [0.04243292561028825, 46.294014273434904], [0.08051466360743605, 46.33052736010328], [0.07920238309995421, 46.3268266733527], [0.07627825994321696, 46.31006790547255], [0.08915028238976129, 46.27355123302636], [0.12067376218127904, 46.24902868171428], [0.14791506836768661, 46.246472460556426], [0.16101604593205399, 46.250536478878686], [0.1636887284186931, 46.25192010500662], [0.1339933881863204, 46.224962751526725], [0.05475168807042675, 46.207565038902715], [-0.01324453944660485, 46.236651171289175], [-0.0556167056635568, 46.27899072526115], [-0.079235719927295, 46.33726439575059], [-0.0780421005998545, 46.36615294864665], [-0.07091977670246366, 46.33764527480467], [-0.051544313223562496, 46.311029765212744], [-0.07103316613279917, 46.3223298788103], [-0.1111604168934004, 46.38571678730791], [-0.11117484066704424, 46.44416909906384], [-0.10478007542751384, 46.42363858653105], [-0.08599810134585523, 46.39772968956743], [-0.09812595106536044, 46.40656794867427], [-0.12194052303959627, 46.43755747698928], [-0.1340736680112819, 46.47309755551976], [-0.13587646450653437, 46.502662253064564], [-0.12941111190195112, 46.54069413419611], [-0.10939890560597731, 46.5799211585134], [-0.08702685793805091, 46.59986825918412], [-0.07578005976988815, 46.62492801742646], [-0.07978645480620551, 46.607231155108146], [-0.07289606559965593, 46.56692250344873], [-0.03636742297608503, 46.52534548341283], [-0.045943269316029205, 46.52406789250731], [-0.07583209383438777, 46.54037936824432], [-0.10073099184704279, 46.56416524669008], [-0.1208667082559657, 46.599906974438994], [-0.12901033778165708, 46.655344137098275], [-0.11731927333304545, 46.704668757073335], [-0.09773150361416945, 46.73960800995438], [-0.08263720002132656, 46.75656511250602], [-0.08346090722111994, 46.75519870272795], [-0.08607120390031633, 46.73670834690352], [-0.07951739569206426, 46.705964186118365], [-0.06081208996411044, 46.67886906194666], [-0.0747203173553822, 46.68757144994488], [-0.10627497047073048, 46.72925373092622], [-0.11757001704307585, 46.77334616469656], [-0.11889518193256754, 46.81859152703248], [-0.08354756598879562, 46.90237518324946], [-0.0009792288062624131, 46.9294575548483], [-0.010942557499084252, 46.92451645697618], [-0.05923171408590157, 46.88898981250211], [-0.07025769956836435, 46.83106094306581], [-0.04815322120686394, 46.788142511816545], [-0.062490425594307446, 46.79532009320941], [-0.0978063863541754, 46.8358304321653], [-0.1382150995896234, 46.930507974335434], [-0.14177388310301503, 46.96996960273966], [-0.13971881215601709, 46.98267412745044], [-0.136232861978135, 46.95097796944578], [-0.11295964924348824, 46.91316801454224], [-0.08397637169014122, 46.895845212369046], [-0.09885054087140524, 46.897828019410866], [-0.13954804824214156, 46.91975921523267], [-0.17327418765235458, 46.96457078106399], [-0.18037223541563815, 46.997481213048104], [-0.20892100159166413, 47.07454809660249], [-0.18219776852317507, 47.138503964279664], [-0.16687164375429075, 47.154509319338004], [-0.1336671444095153, 47.176980812105185], [-0.09147045249493428, 47.18869650750085], [-0.10951216629543634, 47.17879929608662], [-0.13174521309832088, 47.15565137020776], [-0.13841065002094693, 47.14100409960828], [-0.13449076396913456, 47.155544631403984], [-0.11488927506010524, 47.19047018686713], [-0.04930215683171594, 47.24572982340204], [0.009218208447505484, 47.260481692602895], [0.11651054590386725, 47.24043408453566], [0.1525954871261454, 47.205940455386745], [0.16207375876196772, 47.195364730791844], [0.1672541765368245, 47.18700531739295], [0.1490227831694952, 47.203971590598506], [0.1130813922904944, 47.217731669213535], [0.08587450523340467, 47.21648189698293], [0.10954819848653777, 47.225412290634566], [0.18041438863467532, 47.21640902767924], [0.23555977270678383, 47.15150232121514], [0.23930883916039317, 47.10304815672887], [0.23869163076298655, 47.11278937908198], [0.21995334112172726, 47.1634770574591], [0.1727794623159684, 47.19549499185197], [0.14778744819637812, 47.19842415283459], [0.18473475343687254, 47.20440555284824], [0.2535976570154651, 47.180952927357936], [0.29159443670723173, 47.12362336127037], [0.29642583094567276, 47.079978373132626], [0.2906213256921861, 47.05056062523101], [0.2882974918534954, 47.04412030564084], [0.29077062466387726, 47.06619024711267], [0.271304579319702, 47.120915823773096], [0.22485949440836225, 47.15238118023167], [0.20608572969235434, 47.15512279950931], [0.20579753674240117, 47.15529572198776], [0.23699203513940592, 47.162833014094204], [0.27958440604663887, 47.161065388845564], [0.3325875202115953, 47.13395505418488], [0.3446762386380142, 47.11700051388339], [0.3093227444311063, 47.139987026008804], [0.3101229377463439, 47.14332731158671], [0.3595457766624456, 47.12765693840505], [0.40101399774757973, 47.08020779516817], [0.4115029922337394, 47.039911558555055], [0.4087185700939405, 46.999934922941904], [0.40219879508980666, 46.97962002115596], [0.40247968322802197, 46.97970930254285], [0.40244089810968375, 46.980978242302065], [0.4004821602514118, 46.98913270674039], [0.39159696201724015, 47.00669193273288], [0.3742298315733921, 47.02500182613234], [0.3568862029384726, 47.03385892585836], [0.34912446987495455, 47.03561226517127], [0.3918267408976184, 47.03890156472949], [0.4276844107019116, 47.03254721030272], [0.4060166723964543, 47.027945243432], [0.3952948755185572, 47.022445637845124], [0.4077022156021556, 47.031198375227724], [0.4383887384713463, 47.043761239291534], [0.4732054703478346, 47.05025042688708], [0.5526833083071685, 47.05270536464276], [0.5466859246873437, 47.05153366569779], [0.519393315759381, 47.036642893710464], [0.48840283035581544, 46.99235879095783], [0.48469940360683506, 46.95070969857421], [0.48980084072792784, 46.93092215843439], [0.49325915161554745, 46.92367081297018], [0.49779448091260453, 46.91645587410025], [0.5031388814616844, 46.909920082296416], [0.49865691819861335, 46.914438882435455], [0.48312004787983776, 46.93673165659325], [0.472725220965581, 46.96504746305185], [0.4696343157677785, 46.98914539191018], [0.4697415900107582, 46.99059445413536], [0.4755135384910695, 47.03608026804839], [0.5026605711843305, 47.07545492014853], [0.5449499951115009, 47.10004756684514], [0.6153894023140881, 47.09635283680634], [0.674032939586642, 47.0709495662604], [0.6951391482419408, 47.06476189588649], [0.7224632880659169, 47.05217866934439], [0.7537703839395845, 47.02790266298126], [0.7790724207170443, 46.993576979455995], [0.7952994901251021, 46.957418665016036], [0.8919152407833035, 46.85906746461874], [0.9295830266337891, 46.83913142170012], [0.9439339310249587, 46.827963755557505], [0.9650061048322154, 46.81017892795123], [0.9840748288177743, 46.78745391575259], [1.005173596633226, 46.751022227517716], [1.0158993378205332, 46.71377259950683], [1.0149389389470374, 46.67003107806619], [1.0048552006963447, 46.64118447200627], [1.0016359373989274, 46.63483813866464], [1.003732277435322, 46.640856058416986], [1.0063685576399288, 46.65399605529891], [1.0064659281177906, 46.65444930923869], [1.0055099248611734, 46.65923214090135], [1.0012286943227748, 46.667450341060224], [0.9944651570192069, 46.67679941064482], [0.994832809504183, 46.67652639315375], [1.0042457315875815, 46.67061499623722], [1.0143737895358866, 46.666584335665036], [1.0319484018796758, 46.66349322958296], [1.0612831929637505, 46.65255496359867], [1.105531010345228, 46.61121691937157], [1.11477817980591, 46.582903881164455], [1.0862273262605429, 46.618718190550055], [1.0543980565356632, 46.63319580062915], [1.1104819127373207, 46.63395846889145], [1.1376557536120395, 46.62906107824206], [1.1617534948989414, 46.62038748638109], [1.1851377684761981, 46.60749802324906], [1.2052288753096694, 46.59133074498671], [1.2206139613532299, 46.57473783551941], [1.2332121917081604, 46.55633976737079], [1.2475441803455476, 46.51974701175617], [1.2474530684631624, 46.478886981227625], [1.2407057929129282, 46.464290882567425], [1.2312456711759643, 46.51037586828088], [1.2130889359128956, 46.534385830381154], [1.2062181228114006, 46.53873254253495], [1.2393114616357401, 46.52361106513467], [1.2933736776649072, 46.4440430505701], [1.234449123704929, 46.305155699143654], [1.1905462183123454, 46.289349916921616], [1.1526845730245676, 46.270851136766204], [1.1175144795872756, 46.26344582831978], [1.0866501156009192, 46.26352903800539], [1.0797032991428903, 46.26508112570941], [1.088299330467632, 46.264999020801675], [1.0911921851478983, 46.26547600786395], [1.0971310313696627, 46.26768437393678], [1.1046000060794456, 46.271679646305415], [1.1096734250091347, 46.2760674984371], [1.1030329888442234, 46.266887914632285], [1.0847833279871408, 46.24780587869391], [1.0683202826078495, 46.235314008478134], [1.0782541296945976, 46.246506822830206], [1.0911585403892485, 46.27336376613809], [1.0908113804408186, 46.267113421523526], [1.0724379508340391, 46.22885812438645], [1.0409140597549964, 46.199237022419496], [1.0012036254032457, 46.182429822878674], [0.9726310965804539, 46.17803945318514], [0.9168252708619835, 46.17890270904542], [0.9257015544779043, 46.180401905837726], [0.9351614156623044, 46.18377408808835], [0.924152414698054, 46.17655055060807], [0.8946680283845655, 46.15476988474697], [0.8695949400518557, 46.142094801816434], [0.8423729305368004, 46.134050596559305], [0.8298357771982997, 46.13376555559932], [0.8641249183639219, 46.1542052788501], [0.8906621213736552, 46.21385541354152], [0.883781289631808, 46.25337636465401], [0.8794287940274859, 46.26007469754414], [0.8884252775141039, 46.25100632373996], [0.9084287695571189, 46.22083414097723], [0.9269221798491784, 46.12837544913396], [0.9034401156115611, 46.072704775237646], [0.8498608888666457, 46.03482507661953], [0.7872799859589373, 46.03330626885093]]]]}}]}