{"type": "FeatureCollection", "features": [{"type": "Feature", "properties": {"name": "Occitanie"}, "geometry": {"type": "MultiPolygon", "coordinates": [[[[0.7719067124732172, 42.73254816812494], [0.7369003335214211, 42.7377060000693], [0.7066189207247249, 42.746873368175955], [0.705773445393469, 42.7465898370153], [0.6961054486357715, 42.74652249098884], [0.7257116340073049, 42.76641347312872], [0.7509715213538394, 42.813157159429714], [0.7520861744353864, 42.784590699840074], [0.7384829191414171, 42.79011010642654], [0.7498282967110779, 42.749913455515106], [0.7067894686946954, 42.681811952730904], [0.7202075766269298, 42.69568174157752], [0.7262191161903053, 42.7821913080428], [0.6958980203378521, 42.82862117838694], [0.7408569960386879, 42.78822577480831], [0.764842227384434, 42.73261771977187], [0.758523240255962, 42.662177554275694], [0.7410025529845767, 42.633111873038764], [0.7110932958085245, 42.6040544552243], [0.6517388266964325, 42.58480701827606], [0.6042975248956638, 42.58806458276285], [0.4696111313216523, 42.58627430498802], [0.38405035766570683, 42.63448453113732], [0.3683400481781851, 42.69924869773963], [0.35612965300246247, 42.75672117776553], [0.35890841298228987, 42.84138607161253], [0.37372574741303016, 42.89251441943207], [0.4232804522137377, 42.953289750853386], [0.4941457542709529, 42.972221098706235], [0.5273121874955543, 42.96452550571645], [0.516860007612812, 42.96309681049542], [0.5455741365244557, 42.96843560450655], [0.5490328578468368, 42.92380505286011], [0.5351566670852845, 42.95528391635149], [0.5685323712439545, 42.93873557529466], [0.6117811872988842, 42.93025621445028], [0.5812770053161044, 42.913402105522536], [0.47523208486358465, 42.920512184091834], [0.4301644675021158, 43.031217323011816], [0.45172505296332843, 43.08414620886412], [0.46957082115349774, 43.10648826021036], [0.47036075563770896, 43.03603847626098], [0.3421743412842359, 43.1207050489865], [0.4342041857257807, 43.24977353638456], [0.44555329221124496, 43.265493531524285], [0.47002422034718316, 43.28644566426479], [0.5007920328194694, 43.301193505294364], [0.5121553790346763, 43.30048246968108], [0.47440153134274105, 43.25302699195685], [0.4704743522260697, 43.208882579412744], [0.4645697376153083, 43.23743131948224], [0.4840189128855785, 43.3085439693328], [0.5368707657322086, 43.351833364364126], [0.516257078294063, 43.305096836606346], [0.5216593181926562, 43.36352069869772], [0.6146432531911638, 43.40967434028021], [0.6067540693230656, 43.406385961906935], [0.6590270501641792, 43.45696814293111], [0.6969077181676138, 43.473118036542836], [0.7174026275850363, 43.490642643963696], [0.7487278800884057, 43.50661088467263], [0.7818753500654211, 43.51342214453196], [0.9361581895482792, 43.504268087423554], [0.9846180727178739, 43.48311444480906], [1.021383228218407, 43.45480006981325], [0.9805462915376262, 43.45730152216043], [0.9425931641747323, 43.433630708336985], [0.9342595479119259, 43.42354224256104], [0.9376135595895735, 43.497389564246745], [0.9722215849423298, 43.57661934794694], [1.0334943821456575, 43.6296381078101], [1.1078186095758393, 43.633338589190856], [1.10216162868048, 43.6276592753841], [1.095942959622893, 43.57215345588246], [1.0939377411492919, 43.54852734104772], [1.0145740267218333, 43.58502825094166], [0.9885580051303428, 43.60660960821054], [0.968694867253992, 43.63653443800338], [0.963717785782225, 43.65316795437674], [0.9785215075411599, 43.63167340185398], [0.9949337018474846, 43.61831977351801], [0.9634472924634597, 43.633459219867206], [0.8992591614989885, 43.68648827313571], [0.8695776184048474, 43.72935222556717], [0.8669173013562353, 43.83662028938685], [1.043833102319972, 43.905367802779864], [1.0893132686061817, 43.90350947172462], [1.1210001953361142, 43.914119187704394], [1.1932557304437679, 43.91151365637737], [1.2466557465353356, 43.8808065123944], [1.26137805454986, 43.86559748397082], [1.2471354816920694, 43.870461477051855], [1.2253504675177709, 43.87214700391377], [1.2590678273816052, 43.8332171090885], [1.302029789324725, 43.74039929709566], [1.27858389669799, 43.7469310815817], [1.1998048959597332, 43.85783569423595], [1.3527957618440998, 43.98174954629868], [1.4113510884095883, 43.983473193914534], [1.4377953639806118, 43.978391571185504], [1.4253297089095043, 43.97763734524949], [1.4010010706260057, 43.96838895819013], [1.4209498494020356, 43.988462084104405], [1.4732732338982766, 44.006757545287925], [1.5173307751586758, 44.00279599224358], [1.5323234960790604, 43.99657139655989], [1.5070692048837095, 43.99941925020293], [1.4856789475916925, 43.99536682128051], [1.5036634598211853, 44.00588773048968], [1.6216698475426, 43.99347089340446], [1.6469340890536446, 43.90404322566103], [1.6748470785377396, 43.86950348426547], [1.6629874876555546, 43.87060186434768], [1.644253378261542, 43.89552895647867], [1.7169292960781408, 43.86063056547209], [1.7405215525527986, 43.814185557645835], [1.7616312410389325, 43.770048855389014], [1.7551120357665713, 43.7777592794019], [1.7850218665890787, 43.75764012728762], [1.8176818253956621, 43.713801079945725], [1.810226413516983, 43.59933287447929], [1.7452823918783262, 43.55969618703], [1.758862131863226, 43.56614191462859], [1.770510947326734, 43.576175547703436], [1.783730842364923, 43.65906594369187], [1.8217237061223441, 43.68058335500062], [1.8586707724637195, 43.671319051444556], [1.9011637217056656, 43.64607761313531], [1.947427435468596, 43.59892843334435], [1.942812019524954, 43.602274118536904], [1.974022742779725, 43.58715396491848], [1.9897390110157933, 43.57373855848751], [1.956711142319046, 43.578638571227394], [1.9259901573340859, 43.56804453653899], [1.9425273545535426, 43.58758939994221], [1.9996150864294315, 43.61031884818169], [2.0616947269574983, 43.602049683023786], [2.110199696816335, 43.57307419798776], [2.153111545107495, 43.48813351331228], [2.1166643289444322, 43.40544779502573], [2.1078015787556876, 43.40058765037836], [2.1222949879228037, 43.425436275869146], [2.12453581467362, 43.4527263754107], [2.116651508127207, 43.36983050570345], [1.9687183860289794, 43.315910715146586], [1.9574932401174583, 43.313361932667824], [1.9534774550969176, 43.31040035802068], [1.9175066840992585, 43.296487457733846], [1.8629139642894466, 43.29502121509709], [1.7994871373499564, 43.33353096210699], [1.7760573119891014, 43.39120556008628], [1.7769512570631014, 43.39414842796843], [1.7939914105448909, 43.35395937189751], [1.825043327630101, 43.328698251586864], [1.8514525552865766, 43.32345798639544], [1.898011254211628, 43.33907184604251], [1.9294749928997867, 43.377087588611055], [1.9302022846154343, 43.37586487605885], [1.9114604736266207, 43.342059304153565], [1.8895903899521773, 43.320615671367555], [1.8814671528767006, 43.3146859882614], [1.8853444513043498, 43.31857786253941], [1.894604009674357, 43.3315555767446], [1.9040008304436962, 43.361862793411326], [1.9023001511043782, 43.39175398930849], [1.896635627233647, 43.40657598578428], [1.9049270327011798, 43.390910227236255], [1.9125185419343527, 43.346444174764024], [1.8988237913402977, 43.29574349512515], [1.8542722708641384, 43.24980638497546], [1.8110124235345075, 43.23478311791147], [1.7783038754585616, 43.232710942461814], [1.7703002187681314, 43.23179602240058], [1.7919012687071305, 43.24402043548992], [1.822349585471081, 43.29175474300232], [1.8261303972816259, 43.30334165013432], [1.8102561639487518, 43.25161127454026], [1.7887780010714953, 43.22775354674318], [1.7995232067209732, 43.247197336991995], [1.7543403159792645, 43.181187231734036], [1.6928569044004025, 43.17604000019812], [1.7284448773738514, 43.190534393131884], [1.6983452265944063, 43.16193406600882], [1.6066148340722481, 43.1477698535768], [1.5503566695184525, 43.18266119319124], [1.5503012414413206, 43.18719154001918], [1.5818037119602562, 43.16906931568646], [1.6017042913469433, 43.166061535789105], [1.5604710209370443, 43.16408518181363], [1.5080929375497967, 43.18258529462468], [1.4967535060709165, 43.19844865845626], [1.554321112587742, 43.21135803823943], [1.5882180846372136, 43.27175263128067], [1.579606447774461, 43.31838148654952], [1.5882670239698473, 43.307433130628596], [1.6040210159606259, 43.23907973780383], [1.5587052904733623, 43.15395918972432], [1.493751743902615, 43.11739554221464], [1.4170887975436401, 43.11585259013311], [1.3326731411079775, 43.172728020083206], [1.3175297640485966, 43.24666272666019], [1.3236130246152287, 43.250221869804214], [1.3404918579756882, 43.20053233762169], [1.3233754132906825, 43.210097894986056], [1.3269138281501074, 43.209061111039944], [1.3427174097416694, 43.209886363857706], [1.3853571422070567, 43.23863738277117], [1.3958434720541546, 43.30549932727255], [1.364935300598788, 43.34676881040746], [1.4199655583427444, 43.32991102999177], [1.4815563876132471, 43.24354543409956], [1.440351883088475, 43.1424996315306], [1.3862573582768538, 43.11134431460772], [1.3210810458877582, 43.09267715319788], [1.2704783831242403, 43.09009304282088], [1.2829620861455662, 43.09620500507662], [1.3175574113319037, 43.14567078425851], [1.2954178894987025, 43.227990452058414], [1.3263393310004779, 43.22525642964027], [1.389794909878101, 43.1155324437135], [1.2681988892412333, 42.99208671177992], [1.183535520350966, 43.000123656286405], [1.1391447350195538, 43.03595666653519], [1.1286527477616661, 43.051248548985676], [1.135016314386536, 43.04648008245924], [1.1065615864087681, 43.058780375364044], [1.123850362566107, 43.05544421803314], [1.1397394428630891, 43.05643162278823], [1.1024137509624923, 43.04495778875101], [1.074390248999716, 43.04483338812171], [1.1001229671997335, 43.050453334557815], [1.1308776090886532, 43.072488605972985], [1.1293637866266066, 43.0627437487927], [1.0953343534427045, 43.02726580043679], [1.0521394648734903, 43.007747274862204], [1.0405658605030454, 43.00551124996631], [1.0622101389062062, 43.019223593888206], [1.0832369884359005, 43.051247170547775], [1.0866219822697625, 43.06784931384237], [1.0978459827721003, 43.00669033826623], [1.076368072610714, 42.93623670224997], [1.0305179949546144, 42.892529719696455], [0.987640405089135, 42.87212222192518], [0.9232661824911536, 42.85924702553427], [0.9133931122449648, 42.862642080750845], [0.9500991597030254, 42.88408732997221], [0.968641240628255, 42.912760426992854], [0.9681554821354381, 42.904333530681434], [0.9504618329779294, 42.866786380159], [0.9096708194421421, 42.83074637842319], [0.8926336609386095, 42.82575595896277], [0.9236072173709209, 42.8563775674769], [0.9323500000013922, 42.88934239839847], [0.9234811905756867, 42.738870884876896], [0.7862040411368558, 42.735253504580186], [0.79288809572394, 42.73388778926499], [0.7719067124732172, 42.73254816812494]]], [[[-0.20274488142459346, 42.684032491169496], [-0.2869838712811008, 42.700710065307085], [-0.3123222594009377, 42.72908408800209], [-0.38335538797014557, 42.768504723916834], [-0.4031868060473048, 42.811152250205964], [-0.40626362136217975, 42.826124547240646], [-0.41328612620466354, 42.85456412749274], [-0.41683022042828693, 42.88054055813203], [-0.4166736043379177, 42.90225878574558], [-0.41144007985848474, 42.930331484237904], [-0.39678978230713613, 42.96195402754641], [-0.3757263052831781, 42.98767571030052], [-0.365470236328447, 42.99654345227748], [-0.3695978129705815, 42.991385394048976], [-0.3796353326094874, 42.97058742791332], [-0.38284694882388953, 42.95641816926152], [-0.38158775434848763, 42.94565398030432], [-0.38509533591559586, 42.954436385236356], [-0.3900190682579839, 42.98921416080454], [-0.37811359591921956, 43.03870153273528], [-0.3508259145518584, 43.075280863347665], [-0.3288220211042107, 43.09231103751982], [-0.3129194851110221, 43.10654964216768], [-0.2836650643346509, 43.12315447589706], [-0.25051798130294645, 43.1317325770924], [-0.21623587378608872, 43.13258244615285], [-0.23078293286109205, 43.128953992118674], [-0.2580171290115778, 43.11236607983216], [-0.2842581182772933, 43.0583819012654], [-0.2897322531431974, 43.0451792956876], [-0.292647220186393, 43.07740062346054], [-0.2850106509831359, 43.12703794998902], [-0.2540896978125621, 43.173228105798685], [-0.22292919165029643, 43.19583787018757], [-0.195913470280145, 43.206137199634426], [-0.19961578021714219, 43.20423226783386], [-0.2087055127526611, 43.19656611912222], [-0.21605976573666458, 43.18847367483464], [-0.19475440880312683, 43.223096995019766], [-0.15843493353960103, 43.25276447283793], [-0.1094289811901392, 43.26638440847126], [-0.09820949964768912, 43.26346770767915], [-0.14348727906542863, 43.247720647304426], [-0.1671476818538783, 43.222752625893946], [-0.17176359471717367, 43.21378018075629], [-0.16273635013007082, 43.24288300719535], [-0.14324222560383804, 43.275410431688066], [-0.12016633095342552, 43.29677304832738], [-0.10423330335800776, 43.30784892342394], [-0.10789032552896917, 43.304274530395766], [-0.11473833868011896, 43.29535724698683], [-0.12250056008229657, 43.2782411356255], [-0.12595896091819886, 43.24466341309473], [-0.12053859209569517, 43.22037228444148], [-0.13511158989426172, 43.2582643051493], [-0.13387839236207338, 43.31154891421283], [-0.12356354054280919, 43.343020486494055], [-0.1076850237990767, 43.370079288617596], [-0.08961356620908426, 43.389878204314165], [-0.0661874474039126, 43.407862368641155], [-0.037200161004075104, 43.42062933897741], [-0.020280849750094865, 43.42374950543128], [-0.04680946171435872, 43.40791894926076], [-0.07404142331009457, 43.362361264174396], [-0.07261903110137596, 43.31686880262922], [-0.08373745292314337, 43.33340129845626], [-0.09412769206874698, 43.3774467142361], [-0.09043407724599134, 43.411638063220344], [-0.07853270363495679, 43.37676440872096], [-0.03972013083401103, 43.34253451598478], [0.009523971455403074, 43.33567880008644], [0.03749718893340395, 43.34576678515924], [0.04626392000726347, 43.35216127431958], [0.039404856063003174, 43.34507005305549], [-0.005071064336469654, 43.31871232591113], [-0.08111743415151157, 43.32273122992015], [-0.13709663723686066, 43.37382705616977], [-0.15205427035167318, 43.44643254942645], [-0.12741121277101639, 43.51277245567615], [-0.05873840316542827, 43.551976248173496], [-0.023873414313363955, 43.55109355352353], [-0.04220298207742526, 43.550098406772676], [-0.08166986237672186, 43.53255929067669], [-0.11393583907970217, 43.48070924764158], [-0.11369251589933821, 43.439624088876876], [-0.11217546887650104, 43.43468314028605], [-0.12867639218635663, 43.46413425970142], [-0.12107155519654861, 43.45560286382995], [-0.11121174576948098, 43.44834228689887], [-0.12157927661373658, 43.45289703022106], [-0.15506078784777563, 43.479667055196465], [-0.16006394096752735, 43.493510849941245], [-0.2091523600257863, 43.564535186309], [-0.14385703805672545, 43.675117889144325], [-0.09808656078751436, 43.69855523999032], [-0.04096151132063243, 43.71154066402878], [0.05920628768013666, 43.68463367234957], [0.09649178811648926, 43.609785580408115], [0.08003848318918567, 43.61874271742985], [0.0680723293045542, 43.629811782472615], [0.1202050205817395, 43.60625830507819], [0.1072297851378247, 43.60847129980226], [0.13539190861615608, 43.60739665870965], [0.2003274762066529, 43.569022440676854], [0.2187165860236467, 43.528228526375884], [0.22606495714557157, 43.522829289898006], [0.24680912888297613, 43.4799428794914], [0.24627864281264666, 43.422671432002296], [0.23768647680295657, 43.40409484874386], [0.23785011014153978, 43.44096171689222], [0.21311214364745087, 43.48461712726735], [0.21982000137741367, 43.4854872074223], [0.2425672864340861, 43.4656678695522], [0.25109489826568293, 43.45361078554944], [0.23784927331710295, 43.462303077538714], [0.2229628466756944, 43.46692635066006], [0.21724308564138006, 43.46740173541964], [0.29091414225255535, 43.47981095107388], [0.3382000500770977, 43.47312280780956], [0.37844243795501653, 43.45234987334431], [0.3973696795851497, 43.43172902858559], [0.3814684895270215, 43.44169061611354], [0.35532408597987347, 43.44769215277352], [0.3370898769055712, 43.446292197692095], [0.3287930938935047, 43.442789015520795], [0.31264605624663366, 43.431223403929316], [0.3324204867491501, 43.44763706992628], [0.41039142470416207, 43.46009530596985], [0.46573475642504875, 43.427281348249124], [0.48926887103683836, 43.395253163626236], [0.4886185796702922, 43.39374793195971], [0.4580694822169101, 43.42207094856396], [0.43072665814193856, 43.4314497428737], [0.47388609227191325, 43.4343858963796], [0.6682864940092429, 43.38973167932787], [0.7143569217059371, 43.277593163393654], [0.6717272342677915, 43.20413863563587], [0.6495210871144215, 43.19625403066719], [0.6643542623846918, 43.24671268051776], [0.6653056477739303, 43.25405742058726], [0.6642344686572589, 43.190071008043155], [0.6099586209653237, 43.126027530318915], [0.5657739671805305, 43.11204449470564], [0.5793157796528168, 43.11894833573521], [0.5924927077887551, 43.129814468475715], [0.5755858142742193, 43.10831246361544], [0.541095658715764, 43.141448951013494], [0.6555312443622909, 43.111615523739026], [0.6448091788465022, 43.01009573978964], [0.6214329470366716, 42.97831979113588], [0.6278775324978841, 43.00105867698818], [0.5869399151364152, 43.08640781590816], [0.5092389946838957, 43.09997789447746], [0.5358208127011158, 43.115269785549714], [0.6431856287560456, 43.12428042470535], [0.7126833329147155, 43.04739408364851], [0.7281191421531633, 43.01284494713989], [0.7442338634755443, 42.945320395493454], [0.644803992387188, 42.80937518950457], [0.5725658125044456, 42.76971249428355], [0.5005262457290471, 42.77232290129377], [0.5307855477862622, 42.78464024914662], [0.5552042525869698, 42.808457580567925], [0.55661758701771, 42.81120192838746], [0.5553983469975375, 42.77380882223447], [0.5679719518218149, 42.71137730226037], [0.5414034346571879, 42.623711244319196], [0.44035114414302834, 42.583699548445566], [0.4040841802397565, 42.58238917801678], [0.35233532816024277, 42.59222400123961], [0.2999964490599598, 42.63495527086428], [0.2837860910047907, 42.68800093605578], [0.28728076902898697, 42.671493195713666], [0.3122429725124005, 42.628277687135515], [0.33910510041038344, 42.618638116083815], [0.37940953968084684, 42.6225893779549], [0.38441235788889494, 42.62450601094408], [0.3343492765643245, 42.580542391159874], [0.24518473378176694, 42.57335924226533], [0.18676349454111535, 42.614085853483715], [0.17914692875586802, 42.629783276432526], [0.1956747928554447, 42.61984067065783], [0.16535565747727718, 42.626535696201245], [0.18143156301290408, 42.628747442940394], [0.16245124340426126, 42.61930164463615], [0.09146830403542328, 42.610229819086236], [0.012300241593467197, 42.58891414930797], [-0.04968357370291699, 42.58572755358651], [-0.12352619870446863, 42.60742477023062], [-0.15153433974752592, 42.62715519071423], [-0.1535860127042341, 42.62990702476199], [-0.13426648028060534, 42.61839038460565], [-0.13455665049470572, 42.616820109365904], [-0.1865580162563894, 42.64309303684657], [-0.21751867585662582, 42.69429124414314], [-0.21044941794479444, 42.68165543019542], [-0.18894532761515498, 42.65567532992217], [-0.2113690689956956, 42.67045697660659], [-0.2453159247469971, 42.71233540372829], [-0.2631366308900084, 42.768072824758995], [-0.22566910341203394, 42.71872958142417], [-0.1545498332078565, 42.69287528824533], [-0.20274488142459346, 42.684032491169496]]], [[[-0.07882786835971277, 43.486287691249295], [-0.04060941555583948, 43.477853839628125], [-0.0098292288672528, 43.46084496373727], [0.014658954311238745, 43.43548208503161], [0.030374768920415254, 43.404474441638435], [0.03636007409826737, 43.37288304951834], [0.03457478679965459, 43.342519574100976], [0.026531727043079684, 43.313901711068794], [0.008230871984677798, 43.28014197892293], [-0.007232599037124421, 43.261994327057366], [-0.02412736878888274, 43.248320674472716], [-0.04273310615222063, 43.23803509508736], [-0.06858026692161692, 43.229859947430484], [-0.11384656765304767, 43.22924977367448], [-0.16256904891093657, 43.24906208064347], [-0.20042638483568442, 43.29124438419822], [-0.21467637368884018, 43.34352879092495], [-0.20748992493194965, 43.39893198714719], [-0.18425903948544142, 43.44277735030237], [-0.14187221014656115, 43.47552774937075], [-0.1068635638666583, 43.485517839489994], [-0.07882786835971277, 43.486287691249295]]], [[[-0.12818034885393945, 43.404201656080616], [-0.019626907826675755, 43.36624524514408], [0.018556934397134003, 43.258458000110515], [-0.04157674611573613, 43.16789189266668], [-0.09197826351683035, 43.149035943934265], [-0.13308619104179237, 43.14871333382639], [-0.18083140763996947, 43.16620733494488], [-0.21835809112322974, 43.203295904870885], [-0.2338761190165378, 43.23795660818527], [-0.23857902492346025, 43.26896273678247], [-0.22556365085496677, 43.33278328273821], [-0.12818034885393945, 43.404201656080616]]], [[[0.9245936534519006, 42.68442666277519], [0.8654970152324085, 42.69830373978535], [0.8402048705356977, 42.71531569198473], [0.8470733105127215, 42.712024541034104], [0.7868047845980257, 42.7406665650151], [0.7326199999986078, 42.87895360160154], [0.7515147826290791, 42.9582804325231], [0.7965503390613905, 43.00116404103723], [0.813615180557858, 43.00616962157681], [0.7878521670220705, 42.98322561984101], [0.7761365178645618, 42.96026846931857], [0.781142759371745, 42.98236157300715], [0.8075508402969745, 43.024372670027795], [0.8598148877550351, 43.055331919249156], [0.9046098175088465, 43.05837497446572], [0.925225594910865, 43.06213377807482], [0.9216340050453857, 43.06029228030354], [0.9081279273892859, 43.044381297750036], [0.8979440172278996, 43.01295166173377], [0.8875040177302377, 43.04908668615762], [0.8922950115640996, 43.110754829452226], [0.9309878610937937, 43.17015640611179], [0.9769341394969545, 43.19511875003369], [0.9939685351265096, 43.19910072513779], [0.9815356465572955, 43.19173419956321], [0.9620082133733932, 43.1722522512073], [0.9779843909113465, 43.201421394027015], [1.0300090328002667, 43.23776066544218], [1.065935751000284, 43.244654611878296], [1.0749142490375079, 43.243058211248986], [1.1035945571369108, 43.25313837721176], [1.1374136374338932, 43.254983781966864], [1.167490413591232, 43.249273624635954], [1.2507876856134639, 43.20956591754076], [1.284047252238334, 43.17715545101432], [1.291923264980446, 43.165025333464804], [1.2681424796490337, 43.1813463437136], [1.2171851107587666, 43.185471288220086], [1.1904230901218988, 43.1313715562865], [1.2199106689995223, 43.05592557035973], [1.1539321105012974, 43.08663354794158], [1.1233545886680962, 43.193475215741486], [1.1902059138544336, 43.273394994923386], [1.2454036168757596, 43.28851495717912], [1.288580954112242, 43.29001884680211], [1.312526641723146, 43.29725768539228], [1.3053641169115249, 43.290074368469405], [1.2830576123867528, 43.21908656590044], [1.3191164416572554, 43.15719897000823], [1.2660846994012118, 43.172905189592534], [1.2068305279458453, 43.240122672727445], [1.2259748577929432, 43.35945661722884], [1.3088245902583306, 43.40699363614229], [1.3766161718498928, 43.40278688896005], [1.4241865867093173, 43.38283210501394], [1.499180142024312, 43.32226166237832], [1.5235729753847715, 43.25422413019579], [1.5156382359514036, 43.21922127333981], [1.5014608588920226, 43.28001597991679], [1.46477120245636, 43.31008540986689], [1.4403142560973852, 43.31012445778536], [1.4213287095266376, 43.29931281027568], [1.4051049840393743, 43.25987426219617], [1.4145729760301526, 43.20828486937141], [1.4067555522255393, 43.21777051345048], [1.3888719153627864, 43.28791136871933], [1.4381928874122578, 43.37418996176057], [1.5336844939290837, 43.39500934154374], [1.6007890624502032, 43.35980670537533], [1.5880049790629558, 43.362180818186374], [1.5994177086530565, 43.3660484642109], [1.6360622880397437, 43.36156868431354], [1.6856247585586794, 43.334458459980816], [1.6998093304815476, 43.31556680680876], [1.6544051659277517, 43.3419761464232], [1.5963367734055935, 43.33396393399118], [1.5906711226261487, 43.33551160686811], [1.6576790955995975, 43.37292199980188], [1.7894359650917915, 43.316255886727554], [1.7964931923154923, 43.245987653696425], [1.7909584023006415, 43.27540009218169], [1.8028608342174344, 43.252399309956665], [1.810687152842798, 43.222478680575506], [1.805553111913362, 43.2290361086672], [1.7848868410229053, 43.25869433022155], [1.7762201153272474, 43.265282347186485], [1.7853912848739506, 43.26081653320704], [1.807449387444462, 43.246550612803986], [1.8067085221106318, 43.24685739894445], [1.8035145286603649, 43.2480268039683], [1.8675054425827695, 43.233349377038614], [1.892745717120369, 43.224995914297864], [1.9095953424188936, 43.21601498461975], [1.9059030725212902, 43.21753952944097], [1.950235798574823, 43.213460756695866], [1.987285158907868, 43.19684720263069], [2.012729520699481, 43.17778642023212], [2.0341694122936254, 43.153757968649685], [2.0497851265605003, 43.12561562282571], [2.0598547911267917, 43.089054445815485], [2.055014163413115, 43.03696538922752], [2.0287356173131217, 42.994224072661424], [2.017197465248304, 42.983965575428094], [2.033273176716047, 43.00706321705848], [2.0375051883748636, 43.077516159759305], [2.007178024728086, 43.12131134331372], [2.031337463187861, 43.107003985404546], [2.0572824888640784, 43.077372509555424], [2.070427740755865, 43.05171451905467], [2.0761275234487173, 43.03309587497439], [2.0887212810987785, 42.999779744332315], [2.0911774461462387, 42.952327229104164], [2.0638599750158635, 42.893639151021375], [2.0200021428828157, 42.864022900386885], [1.9972599869329126, 42.85702160314725], [1.9830744969250518, 42.854589613009594], [2.0007601636328456, 42.86291019077718], [2.0321465935837986, 42.89875938225365], [2.0338766226928513, 42.97348708846871], [2.0019160620625684, 43.01396916925481], [2.029126448245391, 42.9995218051212], [2.0560094455254383, 42.97148105197517], [2.0715662558260433, 42.94293691613921], [2.0839626994900944, 42.89474766409048], [2.084806405366724, 42.86023968840912], [2.0615544855050847, 42.80480356703207], [2.0179511358259576, 42.772399038307505], [1.9480665497559313, 42.7508969645808], [1.9213781320066754, 42.74863705380457], [1.9071769055130143, 42.74944813445781], [1.9254916540840648, 42.753254204131224], [1.949274226622609, 42.766102263785925], [1.9591915575229597, 42.77518968438798], [1.9539332755127612, 42.76813978662231], [1.9516518412546642, 42.76638851415256], [1.9654334570446812, 42.81910028571743], [1.9336010750077017, 42.88672048332657], [1.9029429805121754, 42.903717705967686], [1.9064825974794901, 42.90372926199567], [1.9326543530711575, 42.895340431991585], [1.9603884075769624, 42.87950867681963], [1.9897922842394853, 42.851161807478555], [2.0106501967996655, 42.80875003669367], [2.013977978242226, 42.768042554845564], [2.0123832190856317, 42.75771620966207], [2.0037269846174426, 42.79798314951354], [1.9699635218510039, 42.83755904640399], [1.957471253458124, 42.84383411677876], [1.9701855313566539, 42.83983814582331], [1.9946629249499668, 42.8268861777205], [1.985870151716264, 42.82971339898109], [1.9785357216957449, 42.830707278269685], [1.98039534285646, 42.830735787932994], [2.041845249169193, 42.84330643288979], [2.0677968226457644, 42.845017014257095], [2.1047859151225388, 42.83941534663899], [2.146878509418578, 42.81759374940133], [2.1731774228253093, 42.7906423010494], [2.1774264122411915, 42.78253167844414], [2.165944710867728, 42.793377379779024], [2.1540773853558406, 42.79982117859698], [2.166379526367074, 42.79710484354034], [2.18906306837331, 42.78846022080173], [2.2204401012245576, 42.769335353137635], [2.246626954152364, 42.741121128232336], [2.2649812007085406, 42.70246916770168], [2.267472981889938, 42.65411536111283], [2.2528820001594703, 42.61394775861425], [2.2434282374383208, 42.60046054181426], [2.22296664859149, 42.58013814347247], [2.1671826011862176, 42.55731664944586], [2.095838570478868, 42.56393549506054], [2.0235281124823308, 42.55773829466832], [2.0387921828576423, 42.56338924442257], [2.0469802925896423, 42.567824171760954], [2.0458039661397556, 42.566683570140526], [2.0515159588971987, 42.575611880858375], [2.0559773736864178, 42.58641020337162], [2.058138141679869, 42.597949076142996], [2.0575514235166374, 42.57871759223509], [2.0440472462397166, 42.53907495722013], [2.0182773378826466, 42.50630947325974], [1.9793871358582231, 42.480625315123866], [1.9438731129359188, 42.4703692616875], [1.9093983655225077, 42.469170426570955], [1.8632126191911897, 42.479423569596776], [1.8665154648728044, 42.47918018645347], [1.8528656049282797, 42.47871421889632], [1.7941156948823074, 42.47086349097812], [1.7267025746800653, 42.473750656566985], [1.7027591445825714, 42.490035423223034], [1.6969028692007793, 42.48744030240886], [1.6198829508422785, 42.55389211338742], [1.636589774962346, 42.55783299356842], [1.5881274256653628, 42.520179619171486], [1.558317550009278, 42.52985284094584], [1.5225263061373902, 42.551498954772946], [1.5441884107906578, 42.54988820327043], [1.5102629921945396, 42.54094237535914], [1.5216110395356546, 42.55780522738747], [1.519247635666613, 42.52857592540071], [1.4057947307562555, 42.498187011628744], [1.3340335281004836, 42.550412171109116], [1.3163643197214925, 42.585844363641066], [1.3029383493947542, 42.5980343882264], [1.3003817969418272, 42.60725549967513], [1.3318648308832255, 42.59225437301853], [1.3085404193687076, 42.59668251890543], [1.242787609522092, 42.664645167549956], [1.2567231052825363, 42.657396886962296], [1.30913252322009, 42.61386329963005], [1.2074866957999106, 42.61431737988086], [1.1695776735996495, 42.60593666952249], [1.1225213760853094, 42.611009320258134], [1.0689079735651552, 42.64034086303915], [1.0386324475377187, 42.67782116108948], [1.0300808492768105, 42.695020113847185], [1.0365396148469344, 42.68838878585373], [1.0496014562601115, 42.67943207438608], [1.054430524460268, 42.67707402816517], [0.9598100384186606, 42.68306704058112], [0.9291154160120438, 42.695033323390426], [0.918915349091785, 42.7019886841343], [0.9482168409083841, 42.69614381341159], [0.9778180258788048, 42.70108459330677], [0.9744710748046214, 42.698162405520485], [0.9245936534519006, 42.68442666277519]]], [[[1.628819927833833, 42.58688167818492], [1.6464243012281687, 42.61436428442414], [1.7060990912553824, 42.65572795474883], [1.6720711673178492, 42.60007773153861], [1.6672105441091734, 42.602047389087396], [1.7693363051176925, 42.66932250902188], [1.8378503950717204, 42.67814978110368], [1.8791325351271957, 42.67878181354653], [1.9013773808088104, 42.67574843040322], [1.9283596344774923, 42.66826957342904], [1.9131328870640814, 42.6679927383125], [1.897218864141777, 42.66296668487613], [1.8831566621173532, 42.65376252674026], [1.8685487537602836, 42.634993042779875], [1.8600105764833628, 42.60998440776492], [1.8590738583201312, 42.617272923857], [1.8643546263135826, 42.64368779662838], [1.8740880411028011, 42.66791211914162], [1.8894240338602446, 42.691364429859476], [1.9136497074103578, 42.71689782823905], [1.9495218171423576, 42.74236075557744], [1.9877698875176695, 42.75451570533168], [2.100777429521132, 42.76387450493946], [2.1408333988137827, 42.75557335055414], [2.1033753514085105, 42.740443856527534], [2.1451629665158523, 42.761624205327706], [2.1866565819127506, 42.75212197646277], [2.1592081430318193, 42.74952693634975], [2.2270814874863945, 42.801598540936475], [2.281299477095235, 42.809590147661304], [2.3054008385104248, 42.805238325051775], [2.290271351991084, 42.802680428886845], [2.277351471071221, 42.79419823373978], [2.255508247003393, 42.75930195353353], [2.2516984902081663, 42.7312081648592], [2.2324246145756814, 42.83974365213399], [2.282535871766015, 42.91843476050923], [2.3628968572928826, 42.94652245178167], [2.694117585340712, 42.933553257772516], [2.688450000062182, 42.931358419303955], [2.675306153926597, 42.92342896546966], [2.7015377117652424, 42.95314218084623], [2.738517535902999, 42.97893740317308], [2.8477265953518818, 43.013512045280116], [2.901484783951216, 43.00545986429079], [2.9368963453456054, 42.98529158804784], [3.1319613457814826, 42.8886320037077], [3.140136540527251, 42.78218867501122], [3.1387816695846915, 42.75675342579426], [3.1432940390732713, 42.726075562462], [3.137564740984456, 42.68027292336611], [3.1414270034205347, 42.63813402801617], [3.145203389440926, 42.60142146724551], [3.139368142347263, 42.603256486976235], [3.1163856435517387, 42.6284917582258], [3.1112165384028407, 42.63208446397916], [3.1345994428761195, 42.62860447853141], [3.189953638255643, 42.60999375510201], [3.239713358186212, 42.54965501215931], [3.2451758818332417, 42.491308698525295], [3.241296615112275, 42.51091882463446], [3.2207861496092653, 42.55303683391193], [3.228017252348689, 42.548577539069065], [3.2645717916022683, 42.50266726340141], [3.2814571086656974, 42.43983531813747], [3.250350166317345, 42.359467387182], [3.1459851694016105, 42.32627257980745], [3.1092126934014046, 42.32503831936525], [3.0704326878545665, 42.32842141601884], [3.032706760440624, 42.33756868892667], [3.0011311721154423, 42.35250801037574], [2.974350449937266, 42.37338973209136], [2.9541924571152696, 42.39713778942331], [2.971003937792862, 42.38462744923173], [3.0116579013253846, 42.36769206976476], [2.984848929340298, 42.36801293307377], [2.9978059083524764, 42.370407634417816], [2.9748468440048352, 42.361388585471275], [2.9459503726911955, 42.37097794782001], [2.9325851040146196, 42.356434207648654], [2.8889525804641036, 42.34931119606379], [2.869574566322135, 42.349666816222026], [2.875220883620218, 42.35139046072755], [2.8844537451591625, 42.3545144747459], [2.8553721515880737, 42.33339662600265], [2.816095668962152, 42.31586805477048], [2.7678886207153948, 42.30955714726846], [2.7256404286799425, 42.31406922063639], [2.728867478469739, 42.315074030522695], [2.733597063748746, 42.315978922939536], [2.7109561809010807, 42.303581295388], [2.7391533269805466, 42.357852389565416], [2.7284132293476717, 42.41498626358354], [2.7502497269842916, 42.38997660012618], [2.7375961880663797, 42.27333406995663], [2.630610019751699, 42.237997987439385], [2.5941587082677446, 42.24282775225471], [2.5560135565257953, 42.25328854981049], [2.5784682101691874, 42.25697320870788], [2.615172518397306, 42.28064266609701], [2.607829997388545, 42.26562149842708], [2.557217060329065, 42.23113978904101], [2.5036992102938025, 42.226280388686995], [2.472033724907828, 42.23358050327264], [2.4541822804981206, 42.241339441530194], [2.429424136296792, 42.24712255237864], [2.3845718182274687, 42.27271938005707], [2.3477783407855832, 42.31041906798357], [2.366880660531755, 42.30059976046215], [2.396762841424348, 42.284747222411326], [2.350908937553175, 42.29239497362758], [2.274429726433132, 42.31926681208889], [2.25974234249881, 42.32796153027859], [2.261678709028319, 42.32987127848866], [2.2612922004044576, 42.32729641215904], [2.1908980495671693, 42.31203044505884], [2.1491927366447032, 42.31697475908188], [2.176288805997555, 42.3272662445348], [2.198492851317516, 42.34846102925167], [2.192435301752016, 42.33591805484566], [2.16848516765386, 42.30841188452583], [2.1360411659804526, 42.28836925419802], [2.11629415128263, 42.27312608790923], [2.082856889706507, 42.257332579078245], [2.048695060785478, 42.250158292064036], [2.007479399150533, 42.247094976017905], [1.96790020146397, 42.2526154462538], [1.934614783652096, 42.26723973089562], [1.8922530538921054, 42.297303095668454], [1.8639456192585322, 42.33968183393733], [1.8538174302660186, 42.3712975814295], [1.8708162105507677, 42.354482182352356], [1.8941934883527773, 42.34354799693118], [1.8826361905102378, 42.34329764663233], [1.838311587922598, 42.35187267579331], [1.7761603142410796, 42.3825382237145], [1.7727530356078967, 42.38372975058687], [1.7107069018543037, 42.39004676758903], [1.6270749313460675, 42.441193922024574], [1.6128553383397333, 42.491056322827376], [1.6253576203702136, 42.44930484780227], [1.651310900182012, 42.42037130422371], [1.6187125909986761, 42.45583130429358], [1.615592613292126, 42.558870335688034], [1.628819927833833, 42.58688167818492]], [[1.9779991417296716, 42.34140544234792], [1.9940317869301347, 42.34157106975502], [2.01881210422264, 42.34545407912346], [2.094863007434446, 42.41381372684814], [2.0709327207024533, 42.51470305970963], [2.0576213444135165, 42.535884789614144], [1.9913105975472731, 42.58294041763689], [1.893895905542779, 42.55967040993887], [1.847651011391874, 42.483731573149804], [1.864901911449977, 42.394877377307644], [1.9297595439753843, 42.348600500762586], [1.9779991417296716, 42.34140544234792]]], [[[4.21940088409384, 43.36082115188996], [4.156623185011487, 43.36695460240586], [4.11854240155793, 43.38065259209533], [4.064763805054035, 43.41378073229577], [4.0172047319634805, 43.51164432210046], [4.033190675627411, 43.54134937650131], [4.056921456162059, 43.46928360953662], [4.035970161957408, 43.479817293880494], [4.00451934266215, 43.53049015325886], [4.019462609593417, 43.644744136922846], [4.09543373745268, 43.68169308931172], [4.083716035881054, 43.66507438622356], [4.082746627796089, 43.65544922519172], [4.074458374412081, 43.66406986775355], [4.085895906545052, 43.65543393510118], [4.041138991986847, 43.67147898172556], [3.9960610249852575, 43.69993917716294], [3.959692351956678, 43.700763132596535], [3.8964179176267386, 43.73533827379644], [3.868737558443943, 43.800899155739074], [3.87012256843612, 43.83167955002502], [3.8785888381863853, 43.80930386647113], [3.894342997954019, 43.791859266395], [3.91483887803615, 43.782213281408794], [3.908265112982351, 43.78072781037953], [3.8107379466534272, 43.77370039836996], [3.703125541195263, 43.864124073201054], [3.7262903733335833, 43.913340295609004], [3.7482942514094146, 43.87139126155526], [3.7456400428118566, 43.87358362901364], [3.761476796725617, 43.88397207449062], [3.763166786456343, 43.87598599266773], [3.7155315820118666, 43.82601346850771], [3.6523107419698952, 43.81262900273949], [3.6344197812877868, 43.81597101461171], [3.661514935561512, 43.82612880958947], [3.6506516124401465, 43.804714498176736], [3.5947164276264987, 43.770351301653285], [3.515634067977819, 43.770846058086065], [3.47251232185905, 43.79576504052801], [3.49350813059071, 43.79225803092862], [3.5384819547994915, 43.80855754812609], [3.564598978825065, 43.84051137882399], [3.5589341933344, 43.82187991172212], [3.5126529341287953, 43.768690954748784], [3.4362277810207478, 43.75282269139367], [3.381063469311229, 43.774481637674796], [3.3481655867892233, 43.80541276389747], [3.3429969129432924, 43.823113782823654], [3.3738920685867586, 43.806529695446194], [3.2588979405241383, 43.8483138116225], [3.2800030625434067, 44.00259061126252], [3.305475561021547, 44.02442061016345], [3.3184439849213114, 44.03467190401619], [3.3366084237285025, 44.04514608860142], [3.3335668266736644, 44.04292841617171], [3.347714265050618, 44.05629617460826], [3.384275604642696, 44.08159736071728], [3.3763296870884094, 44.07515499523906], [3.362016795171515, 44.05850495456989], [3.3489560980777995, 44.02496510045765], [3.3548502811322054, 43.97531879327564], [3.372665010998695, 43.94850711240276], [3.3806902803177223, 43.94217036855219], [3.3561168144659037, 43.95492914175424], [3.3441876719474526, 43.96383218973768], [3.358229403716624, 43.95799669293267], [3.3707789696141934, 43.95544011795175], [3.3471902826520292, 43.95589952375308], [3.3118567932604686, 43.96539743895345], [3.276482112926977, 43.9884234657614], [3.2765955753515064, 43.990860615182605], [3.316578579293917, 43.97316679547422], [3.3428647037842705, 43.972832999245675], [3.324998865254574, 43.96903235553623], [3.2855044475198314, 43.97136361094722], [3.25675468109166, 43.98115288426191], [3.2298510122968964, 43.99694374140031], [3.191442394659548, 44.04887607336731], [3.2044590836135916, 44.14304556433203], [3.2555471182904996, 44.182535288410286], [3.267943724533745, 44.18648121213566], [3.242412311225653, 44.16274752087104], [3.2266773133163937, 44.12145232725924], [3.2248575717886667, 44.13586152280449], [3.24024594632353, 44.18357723032246], [3.280614499387739, 44.228991327016665], [3.373609887884259, 44.268214593190926], [3.5117801103744206, 44.216688347963796], [3.5270868803725763, 44.21302170237094], [3.5911374739241912, 44.213621333269344], [3.5570544307082614, 44.187846107258025], [3.5406897467650342, 44.148361714918174], [3.5381541246499015, 44.17378327968759], [3.5764642967240046, 44.25180837754475], [3.6685697116125855, 44.28407543981486], [3.7206356182860163, 44.27548145316495], [3.815375886836258, 44.23297782731589], [3.8632842960834064, 44.22999669815039], [3.8366144602743004, 44.22337964348265], [3.84627988745285, 44.233543049648326], [3.8675797310494135, 44.26844520271749], [3.8656134621615945, 44.254169298240306], [3.8688122538683576, 44.226891746076156], [3.842702819099769, 44.27237911560986], [3.8343943203088373, 44.312968033196015], [3.8398294472441608, 44.30088949186956], [3.796047932757213, 44.405752526034334], [3.8765480398468726, 44.49479662597167], [3.912277244143255, 44.50001889171691], [3.893062695411839, 44.488777601476876], [3.9099062817733135, 44.5152369663631], [3.984952691668377, 44.55744198094974], [4.092508992556165, 44.51024436341788], [4.1145034122949244, 44.479817818847515], [4.139786225536004, 44.446954430001846], [4.147126626952921, 44.36842636268561], [4.118075109150634, 44.320064813570525], [4.119713841248088, 44.32382734658136], [4.136020383815384, 44.37222931204408], [4.138195795757319, 44.38657198124696], [4.135134565380768, 44.3728789904363], [4.097176374205923, 44.41330850492581], [4.05372939732141, 44.4237266171313], [4.0622233215616586, 44.42761744104287], [4.091076289174387, 44.42854221725201], [4.099727271971019, 44.42724481434357], [4.086690997120832, 44.426398989995], [4.11171851049338, 44.43258869323071], [4.165066609384949, 44.42555055675725], [4.203116265328181, 44.40208689401768], [4.205017384027293, 44.39828622829274], [4.183882580088461, 44.41097371175167], [4.191363143384515, 44.40976962687024], [4.260708143677529, 44.380088134787336], [4.255383208106007, 44.38135177782236], [4.2434092248519235, 44.38149633993351], [4.223902628381103, 44.37709266216395], [4.207909275273802, 44.368443276226536], [4.2146350755563, 44.37564140739553], [4.235117296124084, 44.390289221303384], [4.262966022989628, 44.40303422744704], [4.288686106632751, 44.419905213503014], [4.315839143698382, 44.430124212394674], [4.366415832166042, 44.43944882812015], [4.415611801101501, 44.43453938618735], [4.468841958147167, 44.40075777532312], [4.49633390171974, 44.337011636104755], [4.490008664503083, 44.2902103734081], [4.490023796739865, 44.2935385899425], [4.490013416696724, 44.32880619207802], [4.471969869512886, 44.365722029650684], [4.447461551314434, 44.38428074611569], [4.422913508265892, 44.39035980524295], [4.403213187606198, 44.38816394979006], [4.385773625459234, 44.380710135766975], [4.369033268561712, 44.366064476037764], [4.355955857660545, 44.3448147428955], [4.351192793799806, 44.32824080755144], [4.3578132215900665, 44.362736102129304], [4.396093113816421, 44.41213556094178], [4.442370789638776, 44.43326708468528], [4.494921268607026, 44.43811885275566], [4.539091148310193, 44.43514581524327], [4.60043062086676, 44.41381985756713], [4.632240224168124, 44.38679535827381], [4.633730955770407, 44.38413884744533], [4.6156225178879, 44.40048649783333], [4.617707022834031, 44.40012537246317], [4.636916776012483, 44.38658796652464], [4.640276812406541, 44.38230940597575], [4.628233356057395, 44.39092782182561], [4.62558051321397, 44.39216070660489], [4.639429295706734, 44.386838605181765], [4.72166356603141, 44.35870061773202], [4.752017150182417, 44.311075028823], [4.745767380502258, 44.31991536657367], [4.7597120795505505, 44.30747347809769], [4.780169952405545, 44.27584060738972], [4.78936590588245, 44.2326057844727], [4.78751241648749, 44.21510320362237], [4.786366006876475, 44.2380369464786], [4.7697622226640055, 44.27521524697781], [4.7463299821056415, 44.29700543044279], [4.758354867965772, 44.29145024105572], [4.784716040615146, 44.271052717129706], [4.801974814971159, 44.250325730769895], [4.816859831525968, 44.21969478166094], [4.824259221347146, 44.1654495143793], [4.824236335744831, 44.14671148983207], [4.8211626671881165, 44.120817727405196], [4.815274890887316, 44.10020165709878], [4.814519313281895, 44.09920299005853], [4.818003547369291, 44.11181669673321], [4.818960818559064, 44.12561647837742], [4.819104659934212, 44.12322720788679], [4.804448985893352, 44.15078539543285], [4.75965833458749, 44.18129046046576], [4.71036297483742, 44.183567192015445], [4.706783951564214, 44.18337077392972], [4.723219009350463, 44.188208273805245], [4.7458073706332975, 44.191183192222255], [4.771428989242822, 44.19003288584802], [4.788371967778726, 44.18729837072255], [4.8162446271987855, 44.17789701592054], [4.841863078576069, 44.16123966435474], [4.891267724062227, 44.11211798402356], [4.915594141752551, 44.09227566134533], [4.935555491345776, 44.06566804213844], [4.948800776633697, 44.02684927759912], [4.948492528472193, 43.99454399076937], [4.943885143456696, 43.97429656923702], [4.933347706988807, 43.95099227269785], [4.91664920238609, 43.92967891644861], [4.9005862897090475, 43.91674108114251], [4.885881523047321, 43.90873816821612], [4.867768483712835, 43.9026520447146], [4.851618370061692, 43.90006680510031], [4.836741263578071, 43.899659898438905], [4.822994866580324, 43.900737547832456], [4.808265829888807, 43.90343052551607], [4.8077628496966085, 43.90361740507878], [4.82292309312158, 43.901196749685354], [4.833111450203848, 43.901262702647884], [4.876516985548627, 43.917273092367836], [4.916026969013098, 43.9703997090618], [4.920099499228693, 43.993751938345326], [4.9199556065093555, 43.996995212438996], [4.922004855365534, 43.974356082490466], [4.918210074674728, 43.94683401076171], [4.9105899813353835, 43.9257314908524], [4.899186517729061, 43.906208067449334], [4.883851087563872, 43.88834189613878], [4.8678782982489155, 43.874089368170786], [4.848193443016771, 43.861055113600855], [4.835387254675152, 43.85549655980803], [4.842165885845739, 43.859772245703844], [4.840624617689919, 43.85832191493904], [4.816491454601804, 43.84286598636637], [4.773294219178366, 43.82843219244808], [4.771238878810881, 43.82767082952431], [4.732676334717942, 43.80532794773865], [4.704362552646822, 43.79400261412802], [4.705629328274974, 43.79465401960487], [4.72890964552986, 43.823046435829156], [4.740016786623769, 43.86228542023138], [4.739326784210427, 43.87077771594512], [4.737509535127065, 43.87777829494241], [4.740028354163187, 43.871104972341826], [4.748631340677058, 43.83103115494326], [4.749394472476748, 43.808451932687845], [4.747582035344895, 43.78998295840203], [4.740871814889687, 43.76217788202899], [4.721619389668613, 43.72060935629717], [4.707345349566991, 43.698458941924244], [4.714126692974145, 43.72064240765347], [4.714740210332722, 43.74524879446573], [4.711207564604818, 43.7614245633434], [4.714076532557818, 43.75301400418619], [4.718082842419572, 43.721224377292], [4.7139940487016245, 43.69090729943464], [4.700458984387704, 43.65607823984333], [4.678441779099438, 43.62697116512104], [4.6396846623553545, 43.60227321241283], [4.605726408092967, 43.5958164759371], [4.586705652564665, 43.59649965485245], [4.568549795402233, 43.59984631816878], [4.549574253936758, 43.60609629751968], [4.5378529371928, 43.612077819349764], [4.5421169194936954, 43.61053782251893], [4.523149109260397, 43.614627413297406], [4.529875367758866, 43.61390531787045], [4.539597681692541, 43.613992961010354], [4.5459860905559735, 43.614855092577756], [4.537278879595765, 43.61366906406894], [4.539052108828298, 43.614599264271206], [4.530539041700547, 43.60513602949573], [4.536210165165847, 43.613876328871974], [4.533739012263145, 43.60729975897511], [4.525597996007982, 43.59227815110462], [4.517045960829416, 43.580047349781125], [4.527074190461733, 43.6062964293363], [4.5236279918464986, 43.65877876004444], [4.500272826796754, 43.694786090021985], [4.47885998145771, 43.70972380638291], [4.464434728216449, 43.715219334731856], [4.455732018324251, 43.716822026507046], [4.4490090191592415, 43.71722914567393], [4.492174240133085, 43.71244005951783], [4.553384249098807, 43.6578170515925], [4.5612066074597895, 43.58993483806695], [4.543472145383596, 43.54568649661887], [4.524025496538083, 43.52054112828869], [4.487147247939023, 43.495150325128535], [4.4519318260493534, 43.48701299641774], [4.438010709478514, 43.486687198502956], [4.4485758637799675, 43.488872558575515], [4.469732472795956, 43.49954402753791], [4.496739820224457, 43.52912513015061], [4.506096936046997, 43.55283355587756], [4.498227703618338, 43.525443694914514], [4.46409756340531, 43.483765865708925], [4.430036532681936, 43.4667301606101], [4.407705111067702, 43.46239315267642], [4.421643026985548, 43.467647398662585], [4.385196988096442, 43.444459263010295], [4.358079149671098, 43.43159355799913], [4.331025305806587, 43.42321024075131], [4.319822314684988, 43.4234531591911], [4.337021366495977, 43.43173175799016], [4.324419779001283, 43.4220722413308], [4.28444532840327, 43.40571286998794], [4.272687295927288, 43.40508766169751], [4.279689061664788, 43.40612670325617], [4.292404802607975, 43.411571570184485], [4.320369050989574, 43.43261273239712], [4.333885001380259, 43.451280813372485], [4.337921593610948, 43.45985900183201], [4.331175497680234, 43.44162872885617], [4.295010834942902, 43.39444828357641], [4.21940088409384, 43.36082115188996]]], [[[4.191519423953169, 43.501179294597115], [4.048432218665482, 43.456142774895596], [4.009450046245616, 43.45258533749999], [3.9908273088894815, 43.44738563301732], [3.9888656912771667, 43.44568558852744], [3.781254632220852, 43.32177106446567], [3.664033975938619, 43.28409344990313], [3.6510475164759466, 43.27591981401295], [3.5647629932522005, 43.19529757311237], [3.4905780714183, 43.17433489543496], [3.441900075485979, 43.1893170866409], [3.437005537901923, 43.185839310070264], [3.4020728153306323, 43.18531714803024], [3.3582704616119514, 43.1716791439677], [3.2444800841422787, 43.119428137919805], [3.173429187820202, 43.14556358348116], [3.162634655588583, 43.14974994775196], [3.1433309950643755, 43.15313286614616], [3.013137040651793, 43.227279058353176], [3.010995412077272, 43.2420297068288], [3.0552955529859536, 43.16708492999515], [3.02768100115789, 43.182447843015545], [3.040135916281859, 43.179644898238834], [3.015410395376382, 43.178897235113354], [2.9508880744730543, 43.20262953787788], [2.9062626098912876, 43.2705993806758], [2.944214587856511, 43.23983045601872], [3.0166914295553737, 43.21898303565254], [2.9437174627135336, 43.21306267637874], [2.8967551254773696, 43.22269701155683], [2.8531395824425583, 43.24980810553286], [2.8153470363488307, 43.30585436863609], [2.85582078192228, 43.28776142744504], [2.917931278903703, 43.30560666372286], [2.949345933268925, 43.353906005130725], [2.950077408482482, 43.32571000804889], [2.9169055926502523, 43.252843952625206], [2.7700283389785527, 43.15899824428691], [2.6959073079370395, 43.17248471987162], [2.6430590362082462, 43.20179775530025], [2.6107075758449523, 43.25199809973736], [2.6080900714345665, 43.26451859697716], [2.677729891371195, 43.223550457049676], [2.707038523936094, 43.20846652249212], [2.62366534928038, 43.196650325922384], [2.565252389642855, 43.21818249955356], [2.52249600909343, 43.245066720306184], [2.4703115952656303, 43.30010015684559], [2.4571284698224245, 43.3886819354214], [2.492099647576666, 43.455093501606406], [2.494154989419048, 43.396781156027714], [2.468905500615749, 43.43946605359404], [2.5660603634543198, 43.522910291186626], [2.5636957860424747, 43.522481968180706], [2.570112868377963, 43.52399428601987], [2.5792122919166505, 43.52864028525611], [2.584841122085659, 43.53030981780578], [2.5634509598944093, 43.485909985738715], [2.568181062514561, 43.43619133401483], [2.5806884536075514, 43.41437970817189], [2.5808153426331426, 43.41348813290082], [2.563596744853341, 43.43851504480554], [2.552177438318616, 43.47138265190656], [2.5500937545460323, 43.49966378788783], [2.552256766551045, 43.51849300352356], [2.5586692266436666, 43.53936386995479], [2.5660555523667883, 43.5535067621607], [2.564667371187976, 43.55071411965938], [2.5605156251656895, 43.523298707269916], [2.5724376951897074, 43.47695099170793], [2.5866120165138446, 43.46004371601138], [2.576411535063855, 43.46611273412778], [2.558437486707106, 43.481436166008166], [2.537827343633966, 43.507486798879306], [2.5231788511264317, 43.545471169945614], [2.5212968799140225, 43.57865343136261], [2.5232873959577464, 43.58835673388046], [2.5233558456512073, 43.614196240267255], [2.539616778596241, 43.656260165786364], [2.548060322504768, 43.66635723730219], [2.5403823209195386, 43.64917069093471], [2.5442619866559935, 43.663346400078595], [2.5753883306048904, 43.70822736417515], [2.6247533366635496, 43.73415591738183], [2.6718480395090647, 43.73983495945119], [2.697195641141095, 43.738846275459366], [2.718848748142868, 43.73585390248303], [2.738786251915359, 43.73083858896318], [2.7818314504894346, 43.71408637232324], [2.7681636285363624, 43.716270446777045], [2.7559459855056936, 43.71594515393485], [2.847821228683944, 43.74547116092972], [2.842543216002436, 43.74280002022999], [2.832731841920191, 43.73462512100678], [2.8487696674189005, 43.75552067614399], [2.897370101710315, 43.786525530363114], [2.9479774823605953, 43.79798448162155], [2.979152800846999, 43.800981492709575], [3.007172037017023, 43.79924143472868], [3.032493141489046, 43.79211640081058], [3.0426633468379025, 43.7876226129077], [3.035544559816337, 43.78947899889521], [3.027667220900329, 43.79039837513529], [3.011765326437698, 43.788342633071785], [2.990123302802578, 43.77951881824734], [2.9688102959306057, 43.758558244711764], [2.957497232176266, 43.73172507575988], [2.9562258471969827, 43.71646454546317], [2.953999599244138, 43.74518277342214], [2.961912771107781, 43.781812118254976], [2.9666945134795695, 43.791985947518654], [2.962511810239565, 43.77696489374839], [2.963934507246591, 43.742631093609646], [2.9748642289345404, 43.716409355541884], [2.9685331451217647, 43.72438576989601], [2.9521743946086927, 43.76140178146559], [2.949798057540833, 43.80291274961485], [2.953836021612867, 43.82127998373061], [2.9595126199163135, 43.84581859491571], [2.994001713268087, 43.89361722995989], [3.0416568060915887, 43.917549829540285], [3.0874515988038924, 43.92279583251583], [3.115829943369539, 43.920713143248136], [3.137207629700935, 43.916110738422034], [3.131821899123644, 43.916490942144875], [3.154785101617668, 43.91787867035397], [3.1738587550739115, 43.916125718326974], [3.18898233966207, 43.912638818512974], [3.1860212743164142, 43.91301095343443], [3.18200565491716, 43.91286367294687], [3.1737685111324394, 43.911367424929004], [3.1654383392673213, 43.90831049347171], [3.1553941372797265, 43.901351254649015], [3.1425169832749504, 43.883147198922785], [3.135084447863926, 43.862090334352146], [3.1371171023346984, 43.87820884514295], [3.1520668375417613, 43.915993136582266], [3.1807071740660784, 43.948882289883294], [3.2154848367812257, 43.971082233823466], [3.2521864218126777, 43.98509695197016], [3.30240348598026, 43.98895525785286], [3.2845232575401733, 43.98391889886477], [3.3134789580705077, 43.999777302351866], [3.4126399314132416, 44.002740304553804], [3.476407087056707, 43.97211621717635], [3.5059984132107767, 43.92824923610252], [3.492876530688771, 43.9403063623252], [3.461486218979252, 43.95122130860633], [3.4084410658712048, 43.93939504525121], [3.3781558066656006, 43.90743208827787], [3.3786430211749345, 43.914134621176004], [3.416756045200508, 43.967248451873914], [3.49530386940929, 43.99224996907138], [3.55497167814095, 43.97797495947199], [3.5745159320221815, 43.96198194191393], [3.5364795723735014, 43.96168469834671], [3.513854387559854, 43.95061350182327], [3.556869064438488, 43.99656719041052], [3.6279082187122134, 44.01586498538828], [3.657127258030105, 44.012570997260504], [3.619702417988133, 44.00156053149229], [3.587053213543657, 43.97077000733227], [3.6034632032743827, 44.006575925509374], [3.6975679571881437, 44.067720370986365], [3.818091748590585, 44.05881673844473], [3.9210876266664165, 43.95866170439099], [3.8959124588047374, 43.91735192679894], [3.8521520533465727, 43.96936560163004], [3.9004788870176488, 43.980576189620464], [3.9651851219638496, 43.97577271859121], [4.014421002045981, 43.951800733605005], [4.0490711618136155, 43.91387813352886], [4.06729343156388, 43.86520044997497], [4.067360441556057, 43.82432884426093], [4.045042082373262, 43.86916972620356], [4.0016296480433216, 43.89631686740347], [4.053854975014742, 43.89140682283706], [4.125145008013153, 43.85298101827444], [4.170914093454948, 43.83646406489883], [4.2088076255879185, 43.81222613224646], [4.270041372203911, 43.72559677480828], [4.277683964118946, 43.616325613776446], [4.214594262547321, 43.521066910688276], [4.180219390406582, 43.52575986307715], [4.19577865733785, 43.58896984674114], [4.191519423953169, 43.501179294597115]]], [[[3.3438016881782544, 43.2295373966658], [3.3018858860680735, 43.13736071802991], [3.2891610093887746, 43.12208458919388], [3.266986959109566, 43.10640859019091], [3.2566621478220528, 43.097245680270724], [3.2421620273429443, 43.087928528263234], [3.2432596311494795, 43.08898822956051], [3.227494370673513, 43.06696232548316], [3.194398972704741, 43.03986505353813], [3.188238881635221, 43.03928548663439], [3.1924130115237066, 43.04073752163164], [3.18413497251094, 43.025257874613416], [3.173357998190851, 43.00530292123383], [3.1606363383879224, 42.98381702467119], [3.1554056186114625, 42.96956011767336], [3.14887884108641, 42.955437113664324], [3.1407920748923486, 42.931876592914456], [3.138967138412861, 42.94054626922492], [3.1172839514172255, 42.99844395753579], [3.1365801614626854, 42.984514804974836], [3.1560162216407788, 42.90350452167362], [3.14665913316139, 42.83401370212363], [3.0978310694748554, 42.75139009210703], [2.848561654654395, 42.80585641195216], [2.830755216048784, 42.8183841357092], [2.862893404648118, 42.81408795471989], [2.8293244640970006, 42.80074059682693], [2.8353222882347575, 42.804475819153765], [2.808687846073403, 42.774401034530335], [2.770977999937818, 42.749179580696044], [2.713806414659288, 42.73452474222748], [2.3870771427071173, 42.747989548218335], [2.399850128233985, 42.756455239490776], [2.429395385424318, 42.80506634786602], [2.449717509791834, 42.759287835140796], [2.446829752996607, 42.701026046466474], [2.4086385289287793, 42.64332176626023], [2.3548506480089157, 42.61339357111315], [2.3080351614895753, 42.605255674948225], [2.272590522904765, 42.6097798523387], [2.3022885125136057, 42.61627745906353], [2.2745358569681806, 42.58612706365025], [2.192243418087249, 42.55220002353723], [2.0682829816166413, 42.64293244696106], [2.0802279998405293, 42.71489624138575], [2.070031018110062, 42.686000638887165], [2.0718627992914596, 42.65045683229832], [2.082483045847636, 42.62685487176766], [2.0950038987754427, 42.61356064686237], [2.10396893162669, 42.60746577919827], [2.1055584736329256, 42.606577156459664], [2.079100614644159, 42.614406821403016], [2.0505332891322725, 42.63003662022097], [2.0238475877588082, 42.654416321555864], [2.013682577174691, 42.669971698950604], [2.025435490581422, 42.65868625059867], [2.0455120848774615, 42.64840065336101], [2.063603177354236, 42.6450609857429], [2.0693847508308068, 42.64521156711021], [2.0033046571435396, 42.63205221206701], [1.9684702783042551, 42.63096072173032], [1.9431618482837358, 42.634326601018905], [1.9176270750500333, 42.6423178222795], [1.8956104686433461, 42.654261854176696], [1.8923707465418762, 42.65472588322124], [1.8659484781489961, 42.66673495359601], [1.821639015382557, 42.71525485048646], [1.8132907809143683, 42.77674779033793], [1.814464021757774, 42.78197744515444], [1.8171758032003344, 42.758077963306334], [1.8306077157605145, 42.730082192521444], [1.8423455924230376, 42.71805932318036], [1.8533356469288425, 42.71174156800842], [1.8621054025205097, 42.708714738004325], [1.8483310194878246, 42.71131829403232], [1.8045329249922983, 42.733941516673426], [1.765536542955319, 42.812679714282574], [1.788986158745336, 42.882749485847434], [1.7991867244872388, 42.89484221337769], [1.80385844247704, 42.901172315612015], [1.8245877733773908, 42.92247773621408], [1.8626523459159352, 42.94312579586878], [1.8970950944869858, 42.9491938655422], [1.9188398679933247, 42.94862094619543], [1.9121034502440688, 42.9476370354192], [1.9365248641740422, 42.9550729616925], [1.9060175144949156, 42.93053443296793], [1.8864575946332762, 42.88588631159088], [1.8864213005099055, 42.863484335909526], [1.8853717441739568, 42.869919083860786], [1.8931945544745616, 42.85532894802483], [1.908915551754609, 42.8396801948788], [1.8933219379374313, 42.846018830745194], [1.8492333773071483, 42.8966309115313], [1.8522374064162015, 42.98612461774635], [1.8950938363671543, 43.032717809222824], [1.9288635030749484, 43.0471023869904], [1.9509760130670875, 43.05159239685275], [1.9446698571171848, 43.04929309961311], [1.9151820249841367, 43.02741084897862], [1.8934465538537613, 42.98236877089584], [1.8943647189012214, 42.95260425566768], [1.8873144765512828, 42.96714412502561], [1.884312259244135, 42.97849548094533], [1.8897235111359216, 42.96817549044457], [1.9038905368121386, 42.95287001459545], [1.8895979752719139, 42.959524656686284], [1.8478008116251365, 43.014173840240694], [1.853878823283953, 43.095480782941515], [1.8805025347516962, 43.12996042457191], [1.8825863826868787, 43.130753927338574], [1.8656238365868851, 43.10124061077248], [1.8613992088732079, 43.06424755418451], [1.8653168734394998, 43.04834037717429], [1.8712645877063747, 43.037732031350316], [1.8781584793005188, 43.02983157976788], [1.8822008410921323, 43.026678797369314], [1.899606201425177, 43.01997524330413], [1.8868989274787098, 43.01844447055903], [1.8516106575811064, 43.02460501538026], [1.8187142828796312, 43.03920208570213], [1.8138945574172305, 43.040668622961384], [1.7463134713396353, 43.056381196031694], [1.7260694778893682, 43.063834601055554], [1.7069146125555381, 43.07365538719601], [1.6868287151260495, 43.08678946679296], [1.6773678846727524, 43.091419652813514], [1.6532331589770948, 43.10813766977845], [1.621666888086638, 43.1503858913328], [1.6134568471572022, 43.189309319424495], [1.6160111657825655, 43.18107469004334], [1.6064235976993584, 43.198283907818315], [1.5965388076845075, 43.24171634630357], [1.6052347578041737, 43.28971830903309], [1.6118767932790268, 43.31639866300801], [1.6300939989285046, 43.34948845325682], [1.638673836051248, 43.35437072545974], [1.626535602718374, 43.316066349865686], [1.628426414528919, 43.34068125699768], [1.6685427312928693, 43.40144556451008], [1.7143137812318687, 43.42379997759942], [1.7563201245414384, 43.43149905753818], [1.7788055764654926, 43.43217288208853], [1.7522897291358615, 43.421851615024536], [1.7235582086597023, 43.392086504874854], [1.7126314580656474, 43.353163825235974], [1.7186849672988203, 43.31801377276374], [1.7195503727663528, 43.31362001421572], [1.7089198488956217, 43.34072401069151], [1.7053291695563038, 43.38487520658867], [1.7199999903256429, 43.429092423255405], [1.7398055486956503, 43.4557581374606], [1.7571308471232994, 43.471340011738604], [1.7638616100478228, 43.47615432863244], [1.754427526373379, 43.46591669584643], [1.7421897153845656, 43.44406512394115], [1.7454210071002132, 43.45534441138894], [1.783696745788372, 43.50318215395749], [1.8482294447134235, 43.52343201360456], [1.907816672369899, 43.51076574841314], [1.9532385894551092, 43.4749566281025], [1.9749367429368987, 43.422463572031575], [1.9748646880108987, 43.413014439913724], [1.9548628626500437, 43.45946103789301], [1.9047960357105536, 43.49058678490291], [1.8700213159007415, 43.49076854226615], [1.8656485449030822, 43.49008364197932], [1.8818467598825417, 43.49850406733217], [1.9324096139710205, 43.51258728485341], [2.058627153828818, 43.51886879389343], [2.1123332065595397, 43.485787476412064], [2.1016010901894098, 43.49071847561838], [2.0974029170070962, 43.49179610848715], [2.0957938601540107, 43.49199818604743], [2.097834586640867, 43.492032950187465], [2.1021881406524385, 43.49244150498896], [2.141357584583474, 43.49953243546553], [2.1796900113677133, 43.500180150919384], [2.223853971674757, 43.48712216730498], [2.2382364504491483, 43.47744845543061], [2.2141525861880957, 43.48301194282601], [2.1859377706112046, 43.479203564602436], [2.159860897096834, 43.46396457618089], [2.1376974470053582, 43.430889757186755], [2.1330386783726376, 43.38847947090137], [2.1293462189473367, 43.39395450616606], [2.1280753421935428, 43.437336961574324], [2.1429069971452517, 43.477792419380215], [2.1633739299863497, 43.50381981069804], [2.190608963170323, 43.524940342286776], [2.230009096791721, 43.53979886654373], [2.2721333269436754, 43.54168694771078], [2.301591691819095, 43.535019850009476], [2.371526000932737, 43.52472286309918], [2.4623386596979464, 43.52995790913432], [2.591289025692007, 43.519962142204534], [2.691933010580952, 43.42651084397228], [2.6444183524233336, 43.32548249839359], [2.653197530177575, 43.34922406457859], [2.6467384047343696, 43.394299843154414], [2.64372799090657, 43.40413527969382], [2.6575736103571455, 43.39559950044644], [2.6524666507196195, 43.39456567407762], [2.619763476063906, 43.38841947750788], [2.6976741086288047, 43.42255354295032], [2.791045928565434, 43.34530940302283], [2.7968644241550478, 43.32511190026265], [2.779058963791754, 43.348440244699745], [2.7681346920629606, 43.358987280128375], [2.741255661021447, 43.35691775571309], [2.7621604073497474, 43.37954804737479], [2.7537745915175185, 43.36398799195112], [2.753188066731075, 43.392919994869274], [2.794050721096297, 43.46262133627713], [2.8846372180777204, 43.48567457255496], [2.9468649636511692, 43.45652963136391], [2.9901064175574414, 43.39554789446715], [2.9683768745226304, 43.40943298844317], [2.9542845372864663, 43.412783323621255], [2.9756605704446266, 43.41472896434746], [3.064617412143489, 43.39952754398128], [3.1000653901087123, 43.3200006193242], [3.0710839255269455, 43.36248246212212], [3.0375436046236177, 43.37766876488665], [3.0563680837181413, 43.37898510176116], [3.09615699884211, 43.370360156984454], [3.1334484470140462, 43.35118307000486], [3.2095645879227277, 43.2659102931712], [3.2061049593482074, 43.279846941646824], [3.1633630049356247, 43.35212713385385], [3.216305344411417, 43.342414052248046], [3.2601788121797983, 43.325770416518836], [3.3438016881782544, 43.2295373966658]]], [[[0.10152421486217529, 43.408552700197745], [0.06367497941826049, 43.41441369492181], [0.013899670695445794, 43.43728821752738], [-0.03093848318918568, 43.45235728257015], [-0.08865578811648925, 43.53415241959189], [-0.07092628768013666, 43.53276032765043], [-0.02799648867936758, 43.511961335971215], [-0.028243439212485635, 43.51114676000967], [-0.03445896194327454, 43.50769011085567], [-0.08353367462899462, 43.47828292781396], [-0.20759464737561717, 43.489105689624125], [-0.2710340859338963, 43.49326355937071], [-0.3229951916543653, 43.53316079390798], [-0.3395304522350907, 43.562271141303626], [-0.3423495784774758, 43.573810222548424], [-0.3207259110064632, 43.54307223584238], [-0.34738307016079645, 43.56368343040324], [-0.3663737744527321, 43.64642638852434], [-0.342108198028309, 43.698800235329585], [-0.3305175101112354, 43.70909678464841], [-0.3433376776104159, 43.679113054401036], [-0.3387335416603634, 43.630902942301574], [-0.33577023607218603, 43.62114601129376], [-0.35460026275182904, 43.67747274093261], [-0.3223321712275554, 43.758221921128296], [-0.2620265971919858, 43.78811986380313], [-0.24973088169854182, 43.78783254570196], [-0.2770564068706905, 43.77627878859502], [-0.29412710704398815, 43.76056141281419], [-0.2898107487537625, 43.76961111292552], [-0.2946264388121954, 43.72748135331889], [-0.27925860847544376, 43.686032028475495], [-0.2786136635703157, 43.68398094650149], [-0.30309187310752844, 43.7228186331983], [-0.30839686866684013, 43.773750713278105], [-0.3067618259630147, 43.779320643038645], [-0.3080114645910479, 43.79264072989427], [-0.30242952201200857, 43.82535724192142], [-0.28663999971919596, 43.85950436747072], [-0.2752485529553387, 43.87257596023624], [-0.28181936756640363, 43.85330187450337], [-0.2796006910603259, 43.81282394174363], [-0.27191688235816036, 43.79451965817264], [-0.279377597491673, 43.805758558286335], [-0.2831392546710448, 43.81538936499154], [-0.2726284201293858, 43.80195470621773], [-0.28401108125672275, 43.81030158155571], [-0.3206320491156228, 43.86605524937297], [-0.3087775465541972, 43.94822043342198], [-0.2747807787788163, 43.98632146235256], [-0.22187376848719806, 44.01685948477981], [-0.17947199080895723, 44.030193356938646], [-0.1266669757166919, 44.02623324662687], [-0.11981190668993755, 44.026554127791236], [-0.13168491692401535, 44.023228935554094], [-0.1470568047098051, 44.016056712718736], [-0.12706336556419656, 44.03371633286898], [-0.08527887877861975, 44.0569481272723], [-0.06024719721891505, 44.06575823368807], [-0.020451096832010476, 44.07105185597889], [0.026906717970124235, 44.060517169218215], [0.0567185184085056, 44.04451220217404], [0.0889076507982662, 44.00984937614188], [0.10355728317672278, 43.96713986422342], [0.10021608600377911, 43.9189917051155], [0.07808235865945705, 43.87912283869167], [0.07558708620568494, 43.87861967609177], [0.08922426227148696, 43.91164196778571], [0.0860734598490622, 43.955411732213406], [0.06667140391696269, 43.988100700311335], [0.05040318532562105, 44.00114508158235], [0.03974308096582488, 44.006278497396295], [0.03392014444482101, 44.008056014090755], [0.031374506433588724, 44.00853617897913], [0.05011662918975723, 44.006908228752856], [0.03537747233490973, 44.004241443042595], [0.009780071861095974, 43.989831421748015], [-0.01112465764200185, 43.96318687403507], [-0.01801298524733963, 43.93049768120163], [-0.02142939818683437, 43.978363190772946], [0.007587636130846939, 44.03032981196731], [0.034159033807999076, 44.055999952251106], [0.0981171953590321, 44.079094977417206], [0.1330729825560568, 44.0808854632701], [0.18899037110189118, 44.06213489564505], [0.19596294131307918, 44.052933693903555], [0.15241244906665963, 44.067552353084345], [0.1274313355883511, 44.0646327347385], [0.11663238241679219, 44.05996182804853], [0.10928438167689197, 44.05455990630662], [0.10617330413450232, 44.051508227784126], [0.12318879255956132, 44.07388407256296], [0.1459770498123841, 44.09472022355074], [0.1819342090519869, 44.11251703039911], [0.22789689921196968, 44.118354996892265], [0.3001939417829962, 44.10026557043356], [0.31763004116861737, 44.09336512428491], [0.30479543466312276, 44.09579933493118], [0.2902451688601068, 44.095731944794494], [0.2796295871380652, 44.09304023003965], [0.3001394719877569, 44.10390904176841], [0.330984006109806, 44.11471554930729], [0.3518009587253406, 44.11720572814229], [0.4000940018501059, 44.13404831735226], [0.4074908713606741, 44.1397937893962], [0.44461641165911514, 44.153952363214714], [0.4860629577428635, 44.15657768477546], [0.5098451807674736, 44.15146011536486], [0.5047968424265266, 44.152026122634986], [0.4941197281268594, 44.15131419682218], [0.5574531910572771, 44.169045049706455], [0.5998807504327343, 44.17254125065422], [0.6489299717501422, 44.16047393523661], [0.6756457552473536, 44.147036555695635], [0.7048682276948376, 44.126158084317055], [0.6765680644189029, 44.13599700256951], [0.6528653418742483, 44.136800986300585], [0.7541366034629304, 44.1662523962995], [0.8202768700923729, 44.13195960466195], [0.8425859140716465, 44.10406630539107], [0.857047362185077, 44.071817412847814], [0.799938468549226, 44.12296800804475], [0.7238440634750498, 44.12296560401941], [0.8074109843071321, 44.152263577814225], [0.8840255757171769, 44.13922422802122], [0.9403875976370538, 44.077602401639346], [0.9455819051879645, 44.00096607027818], [0.9184946946257169, 43.94711677150183], [0.8467870626601691, 43.87806170521996], [0.8170412656930952, 43.8601531447414], [0.8576334907025589, 43.9230402276523], [0.8258627824214734, 44.01655233571549], [0.8219011044249632, 44.02061666632747], [0.8348319631278808, 44.01925417212436], [0.8598489909183163, 44.02138871948016], [0.9197721725519042, 44.00836880212832], [0.9693531484695401, 43.960645129444494], [0.9884440523756177, 43.9153084063191], [0.9931300036082971, 43.87416662100399], [1.0077856198483668, 43.82495767631459], [1.0010129890371413, 43.772486345773636], [0.9839500188261683, 43.83853203442586], [1.0118567837306718, 43.86884630591442], [1.0471543815951527, 43.821365774432834], [1.0466968385010114, 43.8216257268643], [1.0699607075365403, 43.80273678013279], [1.0938882981525153, 43.79212422648199], [1.1226924924588404, 43.770290598146026], [1.146330214217775, 43.73473204562326], [1.1501871327460083, 43.72056156199662], [1.1365639948696573, 43.74112439178946], [1.1201279732781666, 43.75490574905834], [1.1963742588507082, 43.72030265895227], [1.2887190403771072, 43.625420544117546], [1.25244237131952, 43.495690724615905], [1.1576633904241607, 43.43964941080914], [1.1095116178543427, 43.4446478921899], [1.1376064150576701, 43.464156652053056], [1.1327524404104263, 43.453562435753255], [1.1324584520880738, 43.39676175743895], [1.1080848358252677, 43.32132529166302], [1.0186277084623738, 43.26096047783957], [0.9379327717815932, 43.27304193018674], [0.8832039272821262, 43.310733555190936], [0.8875858104517208, 43.31025591257645], [0.795862649934579, 43.313911855468035], [0.8155641199115943, 43.31810911532737], [0.8280793724149638, 43.324057356036306], [0.7986522818323862, 43.30093196345717], [0.7685069498358209, 43.28959385706889], [0.7198799306769345, 43.24145403809307], [0.6619827468088363, 43.21535765971979], [0.6007675229474702, 43.211111078680524], [0.46304190772808673, 43.2346801036204], [0.4148833418580614, 43.2320782571263], [0.3605145177830899, 43.24747705143604], [0.3202534203297078, 43.28579806804029], [0.3138011289631616, 43.29927883637376], [0.3219992435749513, 43.28821265175088], [0.36455457529583796, 43.26541869403015], [0.43597751325084994, 43.276534930073716], [0.44981794375336637, 43.28567659607068], [0.42277290610649526, 43.26624498447921], [0.3870541230944288, 43.252633802307905], [0.34684791402012655, 43.247871847226484], [0.3008395104729785, 43.258663383886464], [0.26375832041485037, 43.282906971414405], [0.25526356204498346, 43.29478412665569], [0.27924594992290236, 43.28200919219044], [0.2947138577474447, 43.27984704892612], [0.23624291435861994, 43.26830626458036], [0.19848715332430558, 43.268429649339936], [0.15358472668289705, 43.280920922461284], [0.11331310173431706, 43.30864121445057], [0.09600071356591389, 43.3295861304478], [0.10749799862258633, 43.32000679257769], [0.07487585635254915, 43.34008087273265], [0.042621889858460216, 43.39753428310779], [0.04397352319704345, 43.453847151256134], [0.05212335718735332, 43.4706685679977], [0.05242887111702388, 43.4328651205086], [0.06513104285442843, 43.40408471010199], [0.04672741397635334, 43.42615147362412], [0.046878523793347116, 43.44075155932314], [0.09489609138384393, 43.41153934129034], [0.10152421486217529, 43.408552700197745]]], [[[2.076111738982405, 44.154382160530155], [2.000313888281098, 44.067854811120405], [1.9537083256452172, 44.06799918065081], [1.9294232297030953, 44.05042010643181], [1.8694487734480068, 44.04529544150345], [1.8706192276239928, 44.04818076265299], [1.8598301151981171, 44.04034647705622], [1.869580569481466, 44.04782164212462], [1.8532081859495273, 44.02762822814842], [1.7911784983757983, 43.99773942695774], [1.6856481991618943, 44.02462623406298], [1.7274878303988888, 44.04408405305319], [1.7503801402046326, 44.11475467489687], [1.7342274722397897, 44.153365296089746], [1.751805046150497, 44.14101997541818], [1.7933185618189995, 44.08549599420871], [1.7880792805766854, 43.98851438963978], [1.7411424008189864, 43.935432084129665], [1.703412748960683, 43.914191955130796], [1.6752874657663468, 43.88505059442882], [1.6252391307904357, 43.86366416273885], [1.580740042901912, 43.865290127071425], [1.6240020041037513, 43.88980366310644], [1.6484017740722545, 43.94691988162732], [1.6535924358115768, 43.94513323585793], [1.6385832000396279, 43.86238461550758], [1.5845185401788149, 43.82296026951031], [1.5592170524083075, 43.80937717871949], [1.5148007951162903, 43.79956874979706], [1.4756585039209398, 43.804766603440115], [1.4639332248413242, 43.81005600775643], [1.4945867661017234, 43.80789645471208], [1.5273541505979642, 43.8191159158956], [1.5044129293739943, 43.79719904180986], [1.4549482910904958, 43.77984265475051], [1.4171266360193884, 43.77946242881449], [1.3921109115904118, 43.78440080608547], [1.3945022381559, 43.78614645370131], [1.3993111040402668, 43.84379030576405], [1.3615761033020097, 43.928898918418305], [1.391700210675275, 43.919170702904346], [1.457646172618395, 43.809412890911496], [1.2669775324822292, 43.67652699608624], [1.1960625183079308, 43.67709252294815], [1.1380499454501398, 43.70814851602918], [1.1198562534646646, 43.72613948760559], [1.1364302695562323, 43.71975634362263], [1.1532278046638857, 43.71673281229561], [1.1186887313938183, 43.705678528275385], [1.060194897680028, 43.70603819722014], [0.962183820613887, 43.687675375556395], [0.8108339811738317, 43.73837796557414], [0.8117890109628586, 43.83724965422636], [0.8085763801516332, 43.80719032368541], [0.7979619963917028, 43.83046937899601], [0.7945199476243823, 43.8663855936809], [0.7999868515304598, 43.85427287055551], [0.8277718274480957, 43.83078519787168], [0.8568450090816836, 43.82141128051984], [0.8330820368721191, 43.819261827875636], [0.7818528955750367, 43.82466733367254], [0.7211132175785265, 43.84617766428451], [0.6626245092974412, 43.967441772347705], [0.7308147343069047, 44.04061085525859], [0.7260289373398309, 44.03749029478004], [0.7603173053742831, 44.06950922849817], [0.7511600948120355, 44.04787192972182], [0.7553004023629463, 44.00182159836066], [0.7919304242828231, 43.96168977197878], [0.8304450156928679, 43.95359442218577], [0.8195299365249502, 43.94734039598059], [0.7284055314507739, 43.936197991955254], [0.666374637814923, 44.011452587152185], [0.6716520859283535, 44.00023169460893], [0.6807771299076272, 43.988642395338054], [0.6476471748011441, 44.03315784265379], [0.6480566934774711, 44.105334639269145], [0.6529899189557262, 44.120241623903006], [0.6677056534053509, 44.15120008324382], [0.6889809502299268, 44.177373089879445], [0.7189322086534301, 44.19935487717379], [0.7466664106234384, 44.20948546840657], [0.7237486634791461, 44.19260399533674], [0.7061422831762106, 44.16662198550561], [0.7066614081687097, 44.17002839605555], [0.7258514375106312, 44.205125799578795], [0.7615924995623752, 44.23405595453284], [0.8019891108523461, 44.247599481303425], [0.8374902234531268, 44.24884178134558], [0.8639556399876366, 44.24385550037331], [0.8792055760099436, 44.238472645857925], [0.8729625206320666, 44.23958405278213], [0.868237822005413, 44.239733587823196], [0.8568718484701577, 44.237681124443625], [0.8307565442034166, 44.22496723005579], [0.8011496233571901, 44.186040529783746], [0.7975357096635385, 44.133880556144554], [0.8172271601821797, 44.09675109655998], [0.836011324166313, 44.08143906269236], [0.8279607127349269, 44.084794780584815], [0.7798011487425752, 44.135233721098714], [0.7899267130654026, 44.23825863986596], [0.8417769251022118, 44.27744707394059], [0.8325104294391965, 44.268930763907285], [0.8556898684989874, 44.30782540829243], [0.8502320552224609, 44.29361056752048], [0.8480605066790643, 44.25984784180335], [0.8662656892700966, 44.21712568362562], [0.8903629363280623, 44.19585356374523], [0.9001721781869346, 44.19150450593383], [0.8693528268113965, 44.199308092138324], [0.8365238022640197, 44.21775656660052], [0.814475788260467, 44.24047569772856], [0.7888660064154146, 44.291194154643186], [0.7937783517263226, 44.3542811484864], [0.8091745351268649, 44.381832596394844], [0.8041098529787192, 44.36891398049278], [0.8013830930027029, 44.35475720829178], [0.801277797526636, 44.34807281994328], [0.8003360462269815, 44.36037284702727], [0.8054012943380892, 44.396109263254885], [0.8304466392194615, 44.44071563641381], [0.8760911529389268, 44.47123460321735], [0.9281723986542295, 44.47866483898833], [0.9781446197576551, 44.463485217327616], [0.9862154457259191, 44.45742316168005], [0.9743879967759211, 44.46260390755539], [0.9737910876425521, 44.46270708909479], [1.0151634052906207, 44.461015611275386], [1.0013449001824322, 44.45595224383127], [0.9747740822387424, 44.4225498897561], [0.9835823486722067, 44.43746449683329], [1.0800027246973025, 44.4893792295265], [1.152188182916036, 44.48705867118397], [1.2223135639734646, 44.41892210923322], [1.2234322838533445, 44.34233774525668], [1.213971275396627, 44.32828126001989], [1.2094112164334294, 44.36892989070171], [1.1965385953979368, 44.389557726442526], [1.19349842251463, 44.39225042891047], [1.2447360974936372, 44.37217060002631], [1.234122156798413, 44.36844980663343], [1.2405638726112835, 44.37625885503973], [1.317066963230447, 44.37639873933458], [1.39752622417853, 44.28936776450625], [1.3799576195434555, 44.20686782935074], [1.3681616782720805, 44.19257826100693], [1.3797721492393122, 44.25494259532227], [1.3349673108094693, 44.32211923833561], [1.3537499474808428, 44.320695235103436], [1.3479081364260028, 44.319122897064965], [1.3901939298277586, 44.337775874752296], [1.3892590580666384, 44.33628672201269], [1.4441652701088135, 44.37971592831278], [1.530084122566042, 44.37035858177852], [1.5611661546865785, 44.35362272266927], [1.589574418881995, 44.32879642441649], [1.596165447120514, 44.31841229514539], [1.5724363861922084, 44.330327153354865], [1.538012250382916, 44.33071945895011], [1.492743725954452, 44.29047667934514], [1.483965048721591, 44.231719400551015], [1.4686624157675947, 44.27486090976186], [1.5052258912970575, 44.3677910092003], [1.580716767951781, 44.3990596032877], [1.656818087591065, 44.389209702526465], [1.699841141564487, 44.35548682759748], [1.6978158012510183, 44.35028333522878], [1.6420600000824253, 44.37002338728231], [1.6005584546947846, 44.359135423331466], [1.6351808139973287, 44.388638799220075], [1.750364590631303, 44.42670729117476], [1.831844500064166, 44.429747753641536], [1.9700650196715084, 44.38746509234685], [1.9611951191592059, 44.28705486185597], [1.9699841536699583, 44.32316387713588], [1.9720925557018416, 44.29946380106764], [1.9590653773593225, 44.33586795756546], [1.9163872530720305, 44.37953075584053], [2.0531487039926657, 44.33280278515033], [2.034912348147101, 44.18064502187312], [1.9854386745702366, 44.15926112365208], [2.0082242466914106, 44.20880276230014], [1.9824759190903873, 44.266504048761036], [2.0336065648352193, 44.25655357914899], [2.076111738982405, 44.154382160530155]]], [[[1.935266111718902, 44.2569811888796], [1.9937109279031218, 44.26931290015876], [2.0305272580620155, 44.24083446935862], [1.9909016385510554, 44.251092535253186], [2.087489235652029, 44.29026293041038], [2.139206585165089, 44.29435860320927], [2.185645259435526, 44.285886114804505], [2.260714263961527, 44.25001643340191], [2.2813807056474853, 44.23140648486874], [2.2635192875936694, 44.23930183258277], [2.295861659392669, 44.239519150519435], [2.333509329044054, 44.2247871121998], [2.3436342885491683, 44.21391710572901], [2.375025256509039, 44.21079447360485], [2.4343163664356577, 44.18448808925195], [2.4733401442580387, 44.14995955408628], [2.502851277000288, 44.095126982844924], [2.4841416732233865, 44.12321517694654], [2.4489831674743563, 44.14742078354321], [2.496089359809978, 44.14004580653841], [2.5451997837335214, 44.1070555958299], [2.6206094011433247, 43.994678813377504], [2.61260490344645, 43.946021916415255], [2.609448927031785, 43.983659268243564], [2.5928824261376437, 44.01109594489281], [2.6001663432036835, 44.007749367429795], [2.6357000152971244, 43.970232006406405], [2.6585533429680424, 43.90459195145421], [2.6677901476992907, 43.88683486754739], [2.681773600900025, 43.87164109873685], [2.725968834352742, 43.837804235444544], [2.7396703875269597, 43.83006149754787], [2.7401628364309984, 43.8290178900183], [2.742308309495678, 43.83090962429547], [2.8070111475394715, 43.85422087206778], [2.9446031881596104, 43.82863170157419], [3.0025191661050528, 43.78340367829083], [3.0296528691834532, 43.662980249305654], [2.9854683325810996, 43.60952932385601], [2.9736001580798095, 43.59265287899323], [2.946738783997564, 43.57208597977001], [2.9234427713160565, 43.560318839070284], [2.7953280144943067, 43.51986084606515], [2.7528763714636377, 43.51685555322295], [2.7215425495105654, 43.523389627676764], [2.678277748084641, 43.54021141103682], [2.6811652518571316, 43.53943609751697], [2.6792643588589047, 43.53965172454063], [2.6767499604909353, 43.539895040548814], [2.67752666333645, 43.54124408261818], [2.7073796693951095, 43.55796663582485], [2.730420013344007, 43.5902355999214], [2.7321016790804618, 43.59221730906529], [2.7195016774952316, 43.56336276269781], [2.709665221403759, 43.55098183421363], [2.7206521543487927, 43.58142175973274], [2.723182604042254, 43.58188326611955], [2.720821120085977, 43.564866568637385], [2.7192471488735683, 43.584932830054385], [2.7098726563660342, 43.609469201120696], [2.699808513292894, 43.62290783399183], [2.695808464936145, 43.626563265872214], [2.7159759834861554, 43.61257228398862], [2.7422343048102924, 43.582635008292065], [2.76048437483431, 43.51976329273009], [2.7413026288120244, 43.45690588034062], [2.7362244476332114, 43.4484232378393], [2.7426427733563337, 43.46091813004521], [2.7484412334489545, 43.47961299647645], [2.7499882454539675, 43.493168212112174], [2.7485205616813837, 43.50945334809344], [2.7411432551466586, 43.530586955194465], [2.7320106573668577, 43.54440786709919], [2.7381135463924484, 43.537738291828106], [2.754048937485439, 43.510036665985176], [2.7606250401055905, 43.45240801426128], [2.7286008779143414, 43.39126618219422], [2.6799577080833497, 43.35586771474389], [2.641639131622037, 43.33722171398013], [2.608242213957525, 43.32750603181929], [2.59128763654568, 43.32450770881338], [2.568077510155235, 43.32283159902146], [2.461045340302054, 43.329962090865685], [2.362803999067263, 43.324913136900825], [2.2624063081809047, 43.33889614999052], [2.250864673056325, 43.34282105228922], [2.2697409032082785, 43.34378513345627], [2.2902450368296767, 43.35152565771322], [2.30442807001365, 43.362032189301964], [2.3152710028547485, 43.37634958061978], [2.3254446578064574, 43.40500503842568], [2.324787781052663, 43.43641149383394], [2.3310273216273623, 43.41677252909862], [2.325138552994642, 43.36113424281324], [2.294273102903166, 43.31586542381911], [2.2483782293887953, 43.28920043539757], [2.2021894138119045, 43.28337005717398], [2.160967549550852, 43.29297754456939], [2.1399740283252426, 43.30556183269501], [2.1546499886322867, 43.30175384908062], [2.1647704154165264, 43.30090756453446], [2.129451859347561, 43.29430849501104], [2.106823413359133, 43.29223504981253], [2.084562139845989, 43.29231381395257], [2.063749082992904, 43.29464789151285], [2.04219290981059, 43.29974552438162], [2.0144087934404604, 43.31140052358794], [1.9514997651235824, 43.36281646140033], [1.9263561853263804, 43.4258036245893], [1.9314110120771966, 43.48512972413086], [1.9609764212443122, 43.536390349621634], [1.9764156710555671, 43.54803220497427], [1.953152454892505, 43.484088486687725], [1.9773883031836652, 43.42353780201224], [1.992317273042502, 43.41446831697622], [2.023020913570569, 43.41169315181831], [2.060024645446457, 43.425742600057795], [2.0397358426659142, 43.403539463461], [1.9729808576809542, 43.3793014287726], [1.910332988984207, 43.390177441512485], [1.872085257220275, 43.41508203508152], [1.8401459804750457, 43.4306358814631], [1.8165025645314041, 43.447737566655654], [1.7764142782943344, 43.48975238686469], [1.7836192275362805, 43.48593494855544], [1.7589542938776557, 43.49068864499938], [1.5918991576350772, 43.60249205630812], [1.619751052673266, 43.70759645229656], [1.649989868136774, 43.733912085371415], [1.6860696081216737, 43.75072981297001], [1.6474915864830169, 43.715597125520716], [1.6349401746043377, 43.632526920054275], [1.6515601334109213, 43.60868387271238], [1.6328219642334287, 43.6195027205981], [1.6013407589610675, 43.65043714461098], [1.5510404474472013, 43.75017844235416], [1.570676703921859, 43.7242114345279], [1.579192621738458, 43.706407043521324], [1.4976605123444455, 43.75805413565233], [1.4844829214622606, 43.80817251573453], [1.4509599109463556, 43.86411677433897], [1.4559217462866558, 43.92508395062612], [1.4566955641884234, 43.910038764142065], [1.4484822259277457, 43.95259211837268], [1.4796499958962486, 44.02823233689356], [1.545807957098088, 44.06221587292857], [1.5884948692095644, 44.06025983726115], [1.5591885342336531, 44.04790340557118], [1.5783492510393171, 44.07026604486921], [1.6212595991810135, 44.095519915870334], [1.6071927194233144, 44.07383761036022], [1.6049854381810005, 44.01818600579129], [1.6197809538495032, 43.990788024581825], [1.5967525277602101, 44.00810470391025], [1.5534418597953672, 44.07989332510313], [1.5897821696011114, 44.18912594694681], [1.6866418008381057, 44.224623765937025], [1.7647575016242016, 44.195986573042255], [1.7203058140504726, 44.17708377185158], [1.735355430518534, 44.19609035787538], [1.7644418848018828, 44.21613352294378], [1.837060772376007, 44.24534523734701], [1.875673226551993, 44.24519855849655], [1.8689607702969047, 44.241061893568194], [1.899167674354783, 44.26041881934919], [1.935266111718902, 44.2569811888796]]], [[[2.134585929284927, 44.68121734446997], [2.150531316255051, 44.68490833011586], [2.1223896890243226, 44.65717428023447], [2.1073190201761904, 44.642258536600316], [2.1431605804216387, 44.717568276997625], [2.207111723502424, 44.75035353637067], [2.2221437481859763, 44.752508182679534], [2.2873386242645615, 44.7678589392643], [2.320366343882942, 44.768674166324324], [2.364400742608154, 44.75740214954233], [2.397461734951001, 44.73343512199652], [2.3963692503827256, 44.733295799364186], [2.366744358189601, 44.74827449282107], [2.3298915485286327, 44.75055642977904], [2.3125928531663797, 44.745717703960864], [2.325594615052909, 44.752165550643646], [2.356845567748744, 44.75968971647393], [2.380174711951081, 44.75994446071238], [2.3905942964241533, 44.75870866487216], [2.418243048814454, 44.758683394923956], [2.4318265993041734, 44.75890795600013], [2.425157597555826, 44.75677823136708], [2.4163900182108544, 44.75056217496574], [2.4247210316948706, 44.76070128925935], [2.457948238277448, 44.786904364372184], [2.4544779969547075, 44.78333695993706], [2.4489344056698714, 44.77576239445545], [2.4423873876671385, 44.7613858545973], [2.445134028315542, 44.77804580099219], [2.455233664295474, 44.80213079784704], [2.4772386273622122, 44.83563177082125], [2.502760557737746, 44.860781618654414], [2.4955967377762027, 44.8499749662672], [2.4892606533018165, 44.83465818363152], [2.4907234580756987, 44.844329302558805], [2.4982739949598, 44.86806823655421], [2.5195912458019745, 44.90176144024147], [2.6987490409182757, 45.031357717267795], [2.767702041399549, 45.02905262793041], [2.8105636860203624, 45.00182162591479], [2.822538351348531, 44.986863637931854], [2.81886297495717, 44.9909415267667], [2.8335869085355263, 44.97857959180856], [2.853906742100807, 44.95448601769296], [2.868185902925284, 44.92423451414048], [2.873997080590781, 44.89690307312175], [2.8743510959146144, 44.87394487212211], [2.870638269758437, 44.88914782072545], [2.831934479747679, 44.945842167492685], [2.7838165095408174, 44.96185562456089], [2.800856705708672, 44.965844246299106], [2.825459404132038, 44.966908520367], [2.85066714530378, 44.96301099874076], [2.8910311324768614, 44.9438805800556], [2.9159648913787475, 44.91492476135039], [2.9350522572132776, 44.89836963266552], [2.954938850444884, 44.87112964106159], [2.962620312449579, 44.849871706433156], [2.9505544431138864, 44.8666106767845], [2.936049545511448, 44.87807057433503], [2.9233633834583315, 44.88385871841542], [2.944826351708852, 44.87953532091836], [2.9674551172639876, 44.87036428194985], [3.0037416268251755, 44.841685057595896], [3.0285870423984296, 44.772632287220894], [2.994534898162105, 44.69523802986718], [2.955711772188501, 44.67307309795998], [2.9772911873230576, 44.68783675316185], [3.0068461523279706, 44.75417738728075], [2.995710995412668, 44.802580068885206], [3.0039356579900063, 44.78899747507754], [3.0130746036172913, 44.76478452840218], [3.017139127464376, 44.74556443438642], [3.0188546897646678, 44.72529476482561], [3.0177993327963275, 44.73037424150603], [3.0165824593078576, 44.732747680273285], [3.0139251755753516, 44.73732033547372], [3.010103758672864, 44.742087472983975], [3.0064038261999566, 44.745013061674626], [3.0406564590686704, 44.72386926730648], [3.142259480953334, 44.62918770955735], [3.1815984940458506, 44.560752904036384], [3.1817884206586173, 44.51163474096245], [3.1801693303228706, 44.50574288011804], [3.1808605831475245, 44.51118272167522], [3.180199783094032, 44.519523776086025], [3.1781390681321686, 44.52697288982325], [3.172824506322398, 44.537147151692544], [3.1687607074201263, 44.54231874795086], [3.214101908409505, 44.49931046015328], [3.2360282194440164, 44.45689575050331], [3.2399900938134283, 44.40877696457825], [3.235271692695512, 44.389132404147766], [3.236797674410466, 44.398683478902825], [3.2366767790261113, 44.386799762010654], [3.2258509177584016, 44.347742442519774], [3.2136708252372483, 44.328345932069425], [3.2198591810308246, 44.34109299348853], [3.2249366767774448, 44.36167468650438], [3.225307938458936, 44.37019055791547], [3.225653390342102, 44.36569487594041], [3.2194298202747533, 44.38092689854324], [3.233358609048039, 44.36473506349683], [3.2473329179976242, 44.31294105442476], [3.236960837509507, 44.26225265690239], [3.21259186141603, 44.22439310594422], [3.2194431725043584, 44.24060949683316], [3.211899665855753, 44.30986619661433], [3.157224781990639, 44.35632792216863], [3.175828107588692, 44.35496154250216], [3.2097702316518433, 44.33886640807635], [3.243232598303272, 44.327190280174904], [3.2640694695665866, 44.31670005841112], [3.293941474008347, 44.294344798027005], [3.3187300081286257, 44.2589611895636], [3.328374964644647, 44.22778176839732], [3.3281184231518246, 44.22568188083397], [3.304238454315825, 44.26576657919954], [3.2646427579063992, 44.28934958119162], [3.2520143347195445, 44.291116360450935], [3.3206998151878637, 44.29635932296297], [3.351915708077451, 44.29516231274094], [3.3822840346868763, 44.28884657434197], [3.4103046976619646, 44.27576822493722], [3.444468127981326, 44.24907127042771], [3.4721299202302434, 44.137503818854725], [3.4224116855673734, 44.07931154552969], [3.403041500612261, 44.07084067298333], [3.4129560536764703, 44.08272476967753], [3.423994428211333, 44.11730047719551], [3.425910686683606, 44.103957672740755], [3.4049016887743466, 44.046140479128965], [3.3638582754662556, 44.01098078786434], [3.3374948817095, 44.00009471158972], [3.3690709163864083, 44.02945443566797], [3.380857605340452, 44.113077926632684], [3.3514129877031036, 44.15576025859969], [3.33971531890834, 44.16313511573809], [3.327399552480169, 44.166926389052776], [3.304957134745426, 44.16802564446377], [3.3047572962157297, 44.16916900075433], [3.3478734207060827, 44.170703204525786], [3.402138424648494, 44.1465493848174], [3.412799887073023, 44.1347705342386], [3.391355206739531, 44.14891856104655], [3.371841717347971, 44.15437447624692], [3.384859030385807, 44.154943882048244], [3.414548596283376, 44.14990330706733], [3.4447183280525473, 44.13672981026232], [3.461001185534096, 44.12522085824576], [3.484811719682278, 44.112929631447805], [3.507690989001305, 44.09604688759725], [3.538953718867795, 44.05345920672436], [3.5460779019222004, 43.99115689954235], [3.5280952048284853, 43.947069045430105], [3.5103543129115904, 43.92670500476093], [3.500562395357304, 43.918878639282724], [3.4740177349493817, 43.90122382539174], [3.4652271733263356, 43.892377583828285], [3.4485615762714974, 43.879415911398574], [3.4315700150786888, 43.8697400959838], [3.4241044389784534, 43.86340138983655], [3.433756937456593, 43.874685388737475], [3.418135518643072, 43.839093802391645], [3.3590547424598265, 43.798325101135234], [3.32755251401974, 43.790542742147146], [3.2965135781873225, 43.79007104802984], [3.306453163218774, 43.79296776617653], [3.3086668259339214, 43.79517371011671], [3.3230251624582388, 43.81219886341774], [3.332436897665301, 43.83519515485705], [3.333239552136074, 43.83498766564786], [3.32202901672505, 43.79496880107722], [3.284981862720273, 43.74901274535098], [3.2534476607326783, 43.728715506528296], [3.223715488867561, 43.71770457507099], [3.1968903450828403, 43.713418327053134], [3.1758247256835856, 43.71327104656557], [3.15611966033793, 43.71535718148702], [3.1417112449260887, 43.71872628167302], [3.150852898382332, 43.71791732964603], [3.1251261008763564, 43.716603057855124], [3.103304370299065, 43.71900526157796], [3.086450056630461, 43.722882856751866], [3.0887684011961074, 43.722800167484166], [3.093299193908411, 43.72433217045971], [3.120826286731913, 43.73897077004011], [3.146351380083687, 43.774465405084285], [3.150753978387133, 43.78630401626939], [3.148505942459167, 43.780215250385154], [3.1464376053913075, 43.808960218534416], [3.1363628548782354, 43.83316623010399], [3.1402717710654593, 43.828838644458116], [3.158365492753409, 43.78949890639035], [3.159436189760435, 43.74202510625161], [3.1509454865204303, 43.714194052481346], [3.1492252288922193, 43.71171188174502], [3.153710400755862, 43.73443122657786], [3.1555261528030174, 43.73317945453684], [3.154870767823734, 43.69941892424012], [3.1330097040693943, 43.64437175528823], [3.096052697197422, 43.609875181752656], [3.0564806735623025, 43.593405366928216], [3.0222547790996708, 43.59047162486471], [2.9976334401836633, 43.59310500110478], [2.9750466531620976, 43.599399387092305], [2.962892858510954, 43.60461759918942], [2.9731839629829766, 43.60215056527132], [2.9851191991530013, 43.60107050729042], [2.976918517639405, 43.60008951837845], [2.8863333177591337, 43.60601692038447], [2.843364833894947, 43.66228432170917], [2.8626528118403893, 43.64619229842581], [2.8275388524605285, 43.655277127932216], [2.8019336905043217, 43.64000437570452], [2.7411051635690016, 43.6290201099817], [2.6740976124730405, 43.64111650245213], [2.618893165647258, 43.66888176455546], [2.5458423990999752, 43.72493490126315], [2.5039278523007096, 43.77216513245261], [2.4737026570319576, 43.82823604854579], [2.4657939847028754, 43.8647239935936], [2.4755316567963166, 43.851332632570205], [2.453151573862356, 43.868004055107185], [2.4205010729682153, 43.91809473175643], [2.4159830965535503, 43.98262608358474], [2.4225685988566754, 43.9667531866225], [2.4076262162664785, 43.961888404170104], [2.4241286401900224, 43.95344019346159], [2.4066368325256438, 43.951955216456795], [2.3364103267766136, 43.988398823053465], [2.315634722999712, 44.02477101715508], [2.3162738557419615, 44.026144445913715], [2.328007633564342, 44.015081910748044], [2.3168987434909614, 44.01942752639515], [2.259827711450832, 44.03232289427099], [2.2321586709559456, 44.052368887800206], [2.2537223406073315, 44.04400884948057], [2.2049427124063303, 44.04807216741723], [2.159921294352515, 44.072511515131254], [2.147849736038473, 44.084905566598096], [2.124700740564474, 44.09539788519549], [2.128205414834911, 44.094661396790734], [2.1332527643479713, 44.095569069589615], [2.049532361448945, 44.05987946474682], [1.949788741937985, 44.057855530641376], [1.8915809666160908, 44.119383794169664], [1.9147174351647807, 44.095726420851], [1.8540080809096127, 44.11321995123896], [1.8083517533085893, 44.21594323769986], [1.8553953254297635, 44.31121087634792], [1.8905596518528986, 44.31907297812688], [1.8881452960073344, 44.21978121484967], [1.8681087469279694, 44.185445244159474], [1.7787606226406776, 44.249322042434535], [1.7723694442981583, 44.30998419893236], [1.7703038463300418, 44.31186012286412], [1.7802788808407943, 44.372315138144025], [1.8256547477183753, 44.42256867242562], [1.8173884763733603, 44.40294397853857], [1.8093902085651279, 44.32465732697398], [1.7981015070171689, 44.326407554386115], [1.7717043851640173, 44.36682148887418], [1.7445657492796067, 44.53307929129972], [1.8562395322156946, 44.60001967423656], [1.884832981522491, 44.610749387486564], [1.945760496859737, 44.64631134885443], [1.9856602654930517, 44.66056331907204], [2.0015005319564567, 44.66964397263808], [2.047655528367175, 44.68542803394286], [2.134585929284927, 44.68121734446997]]], [[[2.2814151320281026, 44.687214032988855], [2.2856023109756776, 44.54158171976553], [2.209384683744949, 44.493763669884146], [2.1481620707150726, 44.48167865553003], [2.0783404716328246, 44.48779596605714], [2.087361468043543, 44.489012027361916], [2.068571734506948, 44.47855868092796], [2.030161503140263, 44.46499265114557], [1.9716450184775092, 44.43057261251343], [1.9221044677843055, 44.411176325763435], [1.9234322507203931, 44.443598708700286], [1.9506536148359825, 44.45613651112582], [1.954182492982831, 44.45146244561388], [1.9951457914348723, 44.39878467302603], [1.9870155236266396, 44.29698802146143], [1.916831680029433, 44.246232635407075], [1.860103499935834, 44.23175424635846], [1.7844354093686972, 44.22963070882525], [1.7339011860026714, 44.21470120077993], [1.7065595453052154, 44.18953657666853], [1.6443599999175749, 44.17003661271769], [1.5687401987489817, 44.197510664771215], [1.544346858435513, 44.229703172402516], [1.576603912408935, 44.20600029747353], [1.600937232048219, 44.2000843967123], [1.6414481087029424, 44.221354990799696], [1.6682555842324054, 44.28761109023814], [1.676814951278409, 44.28471859944898], [1.6697062740455482, 44.19728732065486], [1.5941597496170843, 44.13876254104989], [1.5173716138077917, 44.138056846645135], [1.459014552879486, 44.17284570485461], [1.442577581118005, 44.19317957558351], [1.4477398453134216, 44.188897277330724], [1.451707877433958, 44.18635541822148], [1.5030407298911865, 44.18857807168722], [1.5269209419333618, 44.19120327798731], [1.4840200701722412, 44.1611501252477], [1.3807578635739972, 44.121839102935034], [1.3256100525191572, 44.12268476489657], [1.2401106891905307, 44.14604476166439], [1.1819018507606878, 44.225833404677736], [1.2054663217279193, 44.30889773899307], [1.2123903804565443, 44.31605217064926], [1.2017657758214702, 44.248406235493746], [1.253221036769553, 44.18686326066541], [1.2982581273887166, 44.18476114496027], [1.2667318432015868, 44.17112619336657], [1.189187902506363, 44.180039399973694], [1.10002157748537, 44.21543957108953], [1.0607254046020633, 44.242742273557475], [1.0246067835665704, 44.2924621092983], [1.016838724603373, 44.36202673998011], [1.0310637161466556, 44.39705825474332], [1.0351264360265353, 44.348487890766776], [1.0856958170839641, 44.298435328816026], [1.1207052753026976, 44.2935647704735], [1.0058322784120548, 44.297776305119804], [0.9665869647351875, 44.41992215026776], [0.9689420706558616, 44.424291476088264], [0.9741693023376863, 44.386235846340355], [0.9942403016657602, 44.35616148252693], [0.9859995045136675, 44.359575035486856], [0.9610013693204804, 44.38207275183946], [0.9423622010032187, 44.412542124671894], [0.9379127674616391, 44.42630155709633], [0.9446211906229074, 44.41409142912864], [0.9407741404757693, 44.418635973275144], [0.9262886839295974, 44.44725437958124], [0.9198489353788892, 44.483012526016424], [0.9221246513523182, 44.48818525536168], [0.9313999692955426, 44.45823125964991], [0.9374532838631762, 44.44852203804687], [0.9385641634362364, 44.447298914485174], [0.930149097818234, 44.45529738293221], [0.9131803247282417, 44.47825085590775], [0.8986431539106077, 44.54135538340811], [0.9273263365062171, 44.60560898016054], [0.9651815746885163, 44.63539739796927], [1.0183418188069018, 44.65509789744714], [1.0248626229162532, 44.659736564577415], [1.039139670508455, 44.66841819100728], [1.0542592526169552, 44.679061822223105], [1.0551484178411272, 44.680269728264335], [1.106813466184933, 44.746193432950825], [1.1494429745324497, 44.7741650368753], [1.1816341965677428, 44.78344704127625], [1.201568516627126, 44.78570885861879], [1.1960944719819375, 44.78421325503558], [1.187039236706378, 44.78025769510083], [1.197222686248618, 44.78767216973112], [1.2200251981395902, 44.79959480161318], [1.2423455569001483, 44.80630982024072], [1.2387022151961498, 44.8044001025031], [1.2346837880607309, 44.801707300997315], [1.237185490816771, 44.80419260816405], [1.22684350937087, 44.783199903229324], [1.2268216910160894, 44.73200690654313], [1.2445326293570984, 44.699570387804954], [1.224928763162257, 44.723430490698206], [1.2108733648237826, 44.79077962451786], [1.2298181704121067, 44.84286042525236], [1.2683958977179777, 44.88361370264936], [1.3101069903708682, 44.90251979373483], [1.3417551891126114, 44.90697986350656], [1.3348988467331566, 44.90477655692423], [1.3057657584977398, 44.89248990087398], [1.29387701921281, 44.881955808164484], [1.3032422083839348, 44.89683394229208], [1.3196620563605723, 44.91596265834564], [1.338906029173529, 44.93313625245349], [1.3679272676932694, 44.95124242374775], [1.3553302179449163, 44.93849708482115], [1.3404179427430087, 44.90837222706125], [1.338522865151624, 44.875016294683405], [1.3354394221761572, 44.88420368057994], [1.3423484873347913, 44.94505435829772], [1.3617270550026608, 44.973707541480806], [1.3503106251785983, 44.95013363421212], [1.3482332446585905, 44.91555173665068], [1.3251677865653246, 44.97842421718275], [1.3529735996101564, 45.06390776526644], [1.419962314833293, 45.10729533389198], [1.4250949750696105, 45.10727012192232], [1.4172177565060589, 45.1028100565839], [1.4511376865335286, 45.12261110459964], [1.4648021516000203, 45.12433727442432], [1.445039668325567, 45.113364944162726], [1.4624877971283539, 45.1267231759938], [1.5024466863387707, 45.14300128267385], [1.561504176660262, 45.13975733483022], [1.614830979195398, 45.10147079518549], [1.6284067172519099, 45.07679692569504], [1.6075218775663733, 45.10410207552307], [1.5510093125735753, 45.1275192722754], [1.5487795712253578, 45.1326579372106], [1.5878638326570065, 45.13535948539699], [1.638517106771274, 45.12487752804528], [1.6661407282079772, 45.11458782140088], [1.7085473339341235, 45.093538357669544], [1.7585800850039603, 45.060500483571744], [1.782036239240038, 45.03390712681197], [1.7888516690311147, 45.021470881462996], [1.7779464799426186, 45.03538477043179], [1.7588608773507273, 45.04968790796257], [1.7698580218080213, 45.04718424138984], [1.79232142433901, 45.03664209544844], [1.8108229011434385, 45.02538598829337], [1.813910038375972, 45.0226941789089], [1.7977527884895979, 45.03013695218992], [1.786940494269428, 45.0329706873525], [1.7887004312724553, 45.032275835124246], [1.8212015176744714, 45.040921945986746], [1.8789397775118992, 45.06414247865254], [1.9085647835997763, 45.06998842808569], [1.9478115532392148, 45.067837182161796], [1.9860266962492656, 45.052457598444754], [1.98464296578044, 45.05200640345073], [1.9584417399335434, 45.06002803845762], [1.9341552883872033, 45.05898149267646], [1.9481423505951734, 45.066247661820505], [1.966803215098588, 45.07093441266873], [1.999486517751802, 45.07456333319842], [2.105460509563585, 45.063510624147135], [2.1645605052450065, 44.992215483267444], [2.176501660567941, 44.920561180916394], [2.1759600593199346, 44.922180522580895], [2.1745005436066434, 44.924709211979824], [2.21454247076471, 44.879950363391224], [2.2386926239138565, 44.84477899566885], [2.2523595551068945, 44.81329189958684], [2.258388436014252, 44.76954328247662], [2.2344975919065635, 44.68042274615041], [2.226209695835048, 44.6665566834095], [2.2263701371580793, 44.7324705348457], [2.180425465992045, 44.78547628357102], [2.197978278983726, 44.77988775713911], [2.2363560435523766, 44.750613593957254], [2.2580776331620482, 44.714167193532546], [2.26629182169764, 44.681206151829414], [2.263166212483853, 44.688157971342086], [2.2497794743160355, 44.704386943956244], [2.2261370289930125, 44.71833582557687], [2.2814151320281026, 44.687214032988855]]], [[[4.091422118790782, 44.43529682487151], [4.0604697182266865, 44.3835910336369], [4.025369304588161, 44.33879439852313], [3.9739867558567448, 44.30977710828309], [3.9456439601531277, 44.30711137402833], [3.9936240672427874, 44.374709473965666], [4.0132125527558395, 44.40058050813044], [4.027039679691163, 44.36670596680399], [4.03055318090023, 44.341024884390144], [4.055991746131642, 44.29734625392384], [4.065122537838405, 44.24016470175969], [4.047556268950586, 44.18121879728251], [3.9945441125471497, 44.09931295035168], [3.9149575397257, 44.03936235651735], [3.8693037039165934, 44.03008730184962], [3.7666101131637415, 44.039014172684105], [3.6601703817139835, 44.084840546835046], [3.6734322883874144, 44.08413456018514], [3.7089797032759955, 44.102009622455256], [3.7371818753500987, 44.154086720312414], [3.7406662532349655, 44.14529628508182], [3.7161715692917388, 44.06667789274198], [3.641440526075809, 44.020050666730654], [3.508791119627424, 44.013860297629066], [3.4489078896255796, 44.026827652036204], [3.276744221581914, 44.166108057508666], [3.281926079769757, 44.19933018114527], [3.294735872018674, 44.11648072957228], [3.3093433023380356, 44.10312177506278], [3.319081965313124, 44.09909542565803], [3.330246291922549, 44.09633968725906], [3.324460184812136, 44.096394677037026], [3.246983665280456, 44.09117963954906], [3.217305242093601, 44.09503241880838], [3.1631195456841747, 44.124043420800454], [3.133657576848176, 44.17893811916603], [3.1318630353553534, 44.19059223160268], [3.1374659918713745, 44.174442810436396], [3.1526745259916527, 44.152769201972994], [3.1619805304334134, 44.14471794158887], [3.1651514016967277, 44.1430617198251], [3.1291357683481564, 44.155841591923654], [3.119571892411308, 44.163036457497846], [3.1000312180093608, 44.16468007783136], [3.034808334144247, 44.21692180338567], [3.0288028274956416, 44.30107650316684], [3.04312613858397, 44.330606894055784], [3.0543951624904935, 44.343921343097605], [3.0474070820023758, 44.307494945575236], [3.0570753909519612, 44.27026693650317], [3.0418241797252468, 44.28896910145676], [3.0290966096578975, 44.32874312405959], [3.0257500615410637, 44.35689944208453], [3.0258153232225555, 44.38040131349562], [3.0336608189691754, 44.41410100651147], [3.0475831747627518, 44.43976806793057], [3.045071082241598, 44.43329155748023], [3.0379372209738884, 44.40921823798935], [3.0375083255895343, 44.41552852109717], [3.0418023073044878, 44.43982359585224], [3.0414799061865714, 44.43314303542175], [3.0441657805559834, 44.40042624949669], [3.056204091590495, 44.376557539846715], [3.0248172925798733, 44.403465252049145], [3.0086694936776017, 44.42289684830745], [2.992806931867831, 44.451793110176745], [2.9820902169059678, 44.49209022391397], [2.9810774168524756, 44.520493278324786], [2.983658669677129, 44.54293911988196], [2.985423579341383, 44.54959325903755], [2.9871955059541495, 44.51376909596362], [2.990234519046666, 44.499232290442656], [2.8822261923693526, 44.62383451132296], [2.9075400840644496, 44.72661843773254], [2.9280560420207613, 44.75512031983167], [2.9394221723095044, 44.76447549905344], [2.929323900537613, 44.74426849599821], [2.933433974720063, 44.77321633091354], [2.951585282491697, 44.828388866122246], [2.967260503393567, 44.86181445163706], [3.001997616793625, 44.90315988870707], [3.0327020789948334, 44.918305504980005], [3.00926307876175, 44.896691864269684], [2.9997773182557954, 44.88260259160358], [3.0105273421416943, 44.92540731571478], [3.0440067661878243, 44.96613354794678], [3.0783132202123786, 44.98658925151217], [3.1308354652472414, 44.995443144439356], [3.1874248343827714, 44.975974640758594], [3.2158786026613395, 44.94795427354238], [3.1802292292690715, 44.96629406486261], [3.1392499676825505, 44.96747979160019], [3.136532272457875, 44.96696812438667], [3.199444688937853, 45.011480718220376], [3.2531904410849446, 45.026236066833654], [3.279753683811081, 45.02373296725769], [3.267893102782822, 45.02379559037206], [3.2590733454856537, 45.02273749271638], [3.2588476533564927, 45.02255526426829], [3.2985942614810497, 45.042436585561866], [3.3187461384131947, 45.0494682819167], [3.3523072871573008, 45.05521922831979], [3.361010672305289, 45.05385479116879], [3.3867800219871333, 45.05650860647907], [3.448570365201783, 45.03204829563633], [3.480052465340072, 44.99305374984334], [3.4886499838573384, 44.968221451031404], [3.4899113648589344, 44.964118566447965], [3.532412170264749, 44.90567235699553], [3.5291059504882716, 44.90800471318479], [3.4910054561698027, 44.91601225373125], [3.472461654311538, 44.916110054289824], [3.4938451202448113, 44.92234730147944], [3.5167757605118988, 44.926029248183205], [3.5501472476105373, 44.927033820818906], [3.540768785019366, 44.92494019212972], [3.522546459157047, 44.9159551916284], [3.503495035684088, 44.89779603066383], [3.4912435513136053, 44.872418394947786], [3.4896227524728847, 44.87382297346706], [3.500346676697096, 44.90988880563281], [3.5333096221656652, 44.94999620390925], [3.571609921502412, 44.96989053517093], [3.604128448082292, 44.97619717538108], [3.6317423492749006, 44.976422662351204], [3.6709258697742704, 44.97046774860455], [3.7105085357438665, 44.952045422620415], [3.748576229867013, 44.911244988523606], [3.7623849625931607, 44.85064281396303], [3.7493540821923386, 44.804266530501934], [3.741275935324645, 44.79176323690822], [3.753084952626395, 44.83285937478218], [3.727359272230661, 44.902660032370456], [3.6865076840333155, 44.92767758685987], [3.737009877899526, 44.92265827661094], [3.766790581696445, 44.91339173030363], [3.791838018155915, 44.90037241468312], [3.8225912598082914, 44.87668815976473], [3.8399286496145297, 44.86557099655631], [3.8378997240740502, 44.866524150757925], [3.855421895800824, 44.86226158189481], [3.8813248405863328, 44.85020794333203], [3.8871325693045113, 44.845576268171925], [3.8783326408501, 44.85021848647492], [3.8722353395579705, 44.852081473178444], [3.9526644220914067, 44.81029314580296], [3.9683819456512937, 44.726277725216455], [3.966931384576898, 44.73846988120236], [3.9652296862185317, 44.74271798407999], [3.9571543839732812, 44.755761081053265], [3.9646744927880824, 44.74609973548179], [3.987778268949136, 44.69175423230467], [3.995836123495467, 44.65169664614372], [3.999332533358038, 44.643261785088], [3.987054970308599, 44.65623207070295], [4.007133234493624, 44.6468362207337], [4.042063065795786, 44.604113357435885], [4.056884904302375, 44.576058860807734], [4.091422118790782, 44.43529682487151]]]]}}]}